2026-02-23 08:29:21,965 INFO Loaded .env from /home/fhg/pie65738/projects/sr4all/src/.env
2026-02-23 08:29:21,968 INFO Using 5 OpenAlex API key(s) in rotation
2026-02-23 08:29:22,162 INFO Total input DOIs: 65908
2026-02-23 08:29:22,165 INFO Normalized unique DOIs: 65908
2026-02-23 08:29:22,167 INFO Already in output: 0
2026-02-23 08:29:22,169 INFO Pending to fetch: 65908
2026-02-23 08:29:23,722 INFO Saved checkpoint data/retrieval/benchmark_data/oax_benchmark_data.jsonl.checkpoint (50 processed)
2026-02-23 08:29:25,489 INFO Saved checkpoint data/retrieval/benchmark_data/oax_benchmark_data.jsonl.checkpoint (100 processed)
2026-02-23 08:29:27,258 INFO Saved checkpoint data/retrieval/benchmark_data/oax_benchmark_data.jsonl.checkpoint (150 processed)
2026-02-23 08:29:28,883 INFO Saved checkpoint data/retrieval/benchmark_data/oax_benchmark_data.jsonl.checkpoint (200 processed)
2026-02-23 08:29:30,958 INFO Saved checkpoint data/retrieval/benchmark_data/oax_benchmark_data.jsonl.checkpoint (250 processed)
2026-02-23 08:29:32,285 INFO Saved checkpoint data/retrieval/benchmark_data/oax_benchmark_data.jsonl.checkpoint (300 processed)
2026-02-23 08:29:33,605 INFO Saved checkpoint data/retrieval/benchmark_data/oax_benchmark_data.jsonl.checkpoint (350 processed)
2026-02-23 08:29:35,154 INFO Saved checkpoint data/retrieval/benchmark_data/oax_benchmark_data.jsonl.checkpoint (400 processed)
2026-02-23 08:29:36,382 INFO Saved checkpoint data/retrieval/benchmark_data/oax_benchmark_data.jsonl.checkpoint (450 processed)
2026-02-23 08:29:37,834 INFO Saved checkpoint data/retrieval/benchmark_data/oax_benchmark_data.jsonl.checkpoint (500 processed)
2026-02-23 08:29:40,247 INFO Saved checkpoint data/retrieval/benchmark_data/oax_benchmark_data.jsonl.checkpoint (550 processed)
2026-02-23 08:29:41,755 INFO Saved checkpoint data/retrieval/benchmark_data/oax_benchmark_data.jsonl.checkpoint (600 processed)
2026-02-23 08:29:43,253 INFO Saved checkpoint data/retrieval/benchmark_data/oax_benchmark_data.jsonl.checkpoint (650 processed)
2026-02-23 08:29:44,774 INFO Saved checkpoint data/retrieval/benchmark_data/oax_benchmark_data.jsonl.checkpoint (700 processed)
2026-02-23 08:29:46,422 INFO Saved checkpoint data/retrieval/benchmark_data/oax_benchmark_data.jsonl.checkpoint (750 processed)
2026-02-23 08:29:47,842 INFO Saved checkpoint data/retrieval/benchmark_data/oax_benchmark_data.jsonl.checkpoint (800 processed)
2026-02-23 08:29:49,294 INFO Saved checkpoint data/retrieval/benchmark_data/oax_benchmark_data.jsonl.checkpoint (850 processed)
2026-02-23 08:29:50,764 INFO Saved checkpoint data/retrieval/benchmark_data/oax_benchmark_data.jsonl.checkpoint (900 processed)
2026-02-23 08:29:52,224 INFO Saved checkpoint data/retrieval/benchmark_data/oax_benchmark_data.jsonl.checkpoint (950 processed)
2026-02-23 08:29:53,474 INFO Saved checkpoint data/retrieval/benchmark_data/oax_benchmark_data.jsonl.checkpoint (1000 processed)
2026-02-23 08:29:55,355 INFO Saved checkpoint data/retrieval/benchmark_data/oax_benchmark_data.jsonl.checkpoint (1050 processed)
2026-02-23 08:29:56,691 INFO Saved checkpoint data/retrieval/benchmark_data/oax_benchmark_data.jsonl.checkpoint (1100 processed)
2026-02-23 08:29:58,316 INFO Saved checkpoint data/retrieval/benchmark_data/oax_benchmark_data.jsonl.checkpoint (1150 processed)
2026-02-23 08:29:59,743 INFO Saved checkpoint data/retrieval/benchmark_data/oax_benchmark_data.jsonl.checkpoint (1200 processed)
2026-02-23 08:30:01,267 INFO Saved checkpoint data/retrieval/benchmark_data/oax_benchmark_data.jsonl.checkpoint (1250 processed)
2026-02-23 08:30:02,565 INFO Saved checkpoint data/retrieval/benchmark_data/oax_benchmark_data.jsonl.checkpoint (1300 processed)
2026-02-23 08:30:03,537 INFO Saved checkpoint data/retrieval/benchmark_data/oax_benchmark_data.jsonl.checkpoint (1350 processed)
2026-02-23 08:30:04,822 INFO Saved checkpoint data/retrieval/benchmark_data/oax_benchmark_data.jsonl.checkpoint (1400 processed)
2026-02-23 08:30:05,841 INFO Saved checkpoint data/retrieval/benchmark_data/oax_benchmark_data.jsonl.checkpoint (1450 processed)
2026-02-23 08:30:06,859 INFO Saved checkpoint data/retrieval/benchmark_data/oax_benchmark_data.jsonl.checkpoint (1500 processed)
2026-02-23 08:30:08,214 INFO Saved checkpoint data/retrieval/benchmark_data/oax_benchmark_data.jsonl.checkpoint (1550 processed)
2026-02-23 08:30:09,709 INFO Saved checkpoint data/retrieval/benchmark_data/oax_benchmark_data.jsonl.checkpoint (1600 processed)
2026-02-23 08:30:10,701 INFO Saved checkpoint data/retrieval/benchmark_data/oax_benchmark_data.jsonl.checkpoint (1650 processed)
2026-02-23 08:30:12,242 INFO Saved checkpoint data/retrieval/benchmark_data/oax_benchmark_data.jsonl.checkpoint (1700 processed)
2026-02-23 08:30:13,307 INFO Saved checkpoint data/retrieval/benchmark_data/oax_benchmark_data.jsonl.checkpoint (1750 processed)
2026-02-23 08:30:14,719 INFO Saved checkpoint data/retrieval/benchmark_data/oax_benchmark_data.jsonl.checkpoint (1800 processed)
2026-02-23 08:30:16,053 INFO Saved checkpoint data/retrieval/benchmark_data/oax_benchmark_data.jsonl.checkpoint (1850 processed)
2026-02-23 08:30:17,502 INFO Saved checkpoint data/retrieval/benchmark_data/oax_benchmark_data.jsonl.checkpoint (1900 processed)
2026-02-23 08:30:18,933 INFO Saved checkpoint data/retrieval/benchmark_data/oax_benchmark_data.jsonl.checkpoint (1950 processed)
2026-02-23 08:30:20,412 INFO Saved checkpoint data/retrieval/benchmark_data/oax_benchmark_data.jsonl.checkpoint (2000 processed)
2026-02-23 08:30:22,048 INFO Saved checkpoint data/retrieval/benchmark_data/oax_benchmark_data.jsonl.checkpoint (2050 processed)
2026-02-23 08:30:23,646 INFO Saved checkpoint data/retrieval/benchmark_data/oax_benchmark_data.jsonl.checkpoint (2100 processed)
2026-02-23 08:30:25,109 INFO Saved checkpoint data/retrieval/benchmark_data/oax_benchmark_data.jsonl.checkpoint (2150 processed)
2026-02-23 08:30:26,526 INFO Saved checkpoint data/retrieval/benchmark_data/oax_benchmark_data.jsonl.checkpoint (2200 processed)
2026-02-23 08:30:27,944 INFO Saved checkpoint data/retrieval/benchmark_data/oax_benchmark_data.jsonl.checkpoint (2250 processed)
2026-02-23 08:30:29,570 INFO Saved checkpoint data/retrieval/benchmark_data/oax_benchmark_data.jsonl.checkpoint (2300 processed)
2026-02-23 08:30:31,272 INFO Saved checkpoint data/retrieval/benchmark_data/oax_benchmark_data.jsonl.checkpoint (2350 processed)
2026-02-23 08:30:32,603 INFO Saved checkpoint data/retrieval/benchmark_data/oax_benchmark_data.jsonl.checkpoint (2400 processed)
2026-02-23 08:30:34,128 INFO Saved checkpoint data/retrieval/benchmark_data/oax_benchmark_data.jsonl.checkpoint (2450 processed)
2026-02-23 08:30:35,698 INFO Saved checkpoint data/retrieval/benchmark_data/oax_benchmark_data.jsonl.checkpoint (2500 processed)
2026-02-23 08:30:37,134 INFO Saved checkpoint data/retrieval/benchmark_data/oax_benchmark_data.jsonl.checkpoint (2550 processed)
2026-02-23 08:30:38,600 INFO Saved checkpoint data/retrieval/benchmark_data/oax_benchmark_data.jsonl.checkpoint (2600 processed)
2026-02-23 08:30:40,108 INFO Saved checkpoint data/retrieval/benchmark_data/oax_benchmark_data.jsonl.checkpoint (2650 processed)
2026-02-23 08:30:41,526 INFO Saved checkpoint data/retrieval/benchmark_data/oax_benchmark_data.jsonl.checkpoint (2700 processed)
2026-02-23 08:30:43,472 INFO Saved checkpoint data/retrieval/benchmark_data/oax_benchmark_data.jsonl.checkpoint (2750 processed)
2026-02-23 08:30:45,020 INFO Saved checkpoint data/retrieval/benchmark_data/oax_benchmark_data.jsonl.checkpoint (2800 processed)
2026-02-23 08:30:46,589 INFO Saved checkpoint data/retrieval/benchmark_data/oax_benchmark_data.jsonl.checkpoint (2850 processed)
2026-02-23 08:30:48,144 INFO Saved checkpoint data/retrieval/benchmark_data/oax_benchmark_data.jsonl.checkpoint (2900 processed)
2026-02-23 08:30:49,596 INFO Saved checkpoint data/retrieval/benchmark_data/oax_benchmark_data.jsonl.checkpoint (2950 processed)
2026-02-23 08:30:51,314 INFO Saved checkpoint data/retrieval/benchmark_data/oax_benchmark_data.jsonl.checkpoint (3000 processed)
2026-02-23 08:30:52,742 INFO Saved checkpoint data/retrieval/benchmark_data/oax_benchmark_data.jsonl.checkpoint (3050 processed)
2026-02-23 08:30:54,316 INFO Saved checkpoint data/retrieval/benchmark_data/oax_benchmark_data.jsonl.checkpoint (3100 processed)
2026-02-23 08:30:55,845 INFO Saved checkpoint data/retrieval/benchmark_data/oax_benchmark_data.jsonl.checkpoint (3150 processed)
2026-02-23 08:30:57,342 INFO Saved checkpoint data/retrieval/benchmark_data/oax_benchmark_data.jsonl.checkpoint (3200 processed)
2026-02-23 08:30:59,403 INFO Saved checkpoint data/retrieval/benchmark_data/oax_benchmark_data.jsonl.checkpoint (3250 processed)
2026-02-23 08:31:00,959 INFO Saved checkpoint data/retrieval/benchmark_data/oax_benchmark_data.jsonl.checkpoint (3300 processed)
2026-02-23 08:31:02,342 INFO Saved checkpoint data/retrieval/benchmark_data/oax_benchmark_data.jsonl.checkpoint (3350 processed)
2026-02-23 08:31:03,690 INFO Saved checkpoint data/retrieval/benchmark_data/oax_benchmark_data.jsonl.checkpoint (3400 processed)
2026-02-23 08:31:05,136 INFO Saved checkpoint data/retrieval/benchmark_data/oax_benchmark_data.jsonl.checkpoint (3450 processed)
2026-02-23 08:31:06,676 INFO Saved checkpoint data/retrieval/benchmark_data/oax_benchmark_data.jsonl.checkpoint (3500 processed)
2026-02-23 08:31:08,105 INFO Saved checkpoint data/retrieval/benchmark_data/oax_benchmark_data.jsonl.checkpoint (3550 processed)
2026-02-23 08:31:09,851 INFO Saved checkpoint data/retrieval/benchmark_data/oax_benchmark_data.jsonl.checkpoint (3600 processed)
2026-02-23 08:31:11,705 INFO Saved checkpoint data/retrieval/benchmark_data/oax_benchmark_data.jsonl.checkpoint (3650 processed)
2026-02-23 08:31:13,022 INFO Saved checkpoint data/retrieval/benchmark_data/oax_benchmark_data.jsonl.checkpoint (3700 processed)
2026-02-23 08:31:14,444 INFO Saved checkpoint data/retrieval/benchmark_data/oax_benchmark_data.jsonl.checkpoint (3750 processed)
2026-02-23 08:31:15,876 INFO Saved checkpoint data/retrieval/benchmark_data/oax_benchmark_data.jsonl.checkpoint (3800 processed)
2026-02-23 08:31:17,440 INFO Saved checkpoint data/retrieval/benchmark_data/oax_benchmark_data.jsonl.checkpoint (3850 processed)
2026-02-23 08:31:18,966 INFO Saved checkpoint data/retrieval/benchmark_data/oax_benchmark_data.jsonl.checkpoint (3900 processed)
2026-02-23 08:31:19,978 INFO Saved checkpoint data/retrieval/benchmark_data/oax_benchmark_data.jsonl.checkpoint (3950 processed)
2026-02-23 08:31:21,165 INFO Saved checkpoint data/retrieval/benchmark_data/oax_benchmark_data.jsonl.checkpoint (4000 processed)
2026-02-23 08:31:22,623 INFO Saved checkpoint data/retrieval/benchmark_data/oax_benchmark_data.jsonl.checkpoint (4050 processed)
2026-02-23 08:31:24,001 INFO Saved checkpoint data/retrieval/benchmark_data/oax_benchmark_data.jsonl.checkpoint (4100 processed)
2026-02-23 08:31:25,609 INFO Saved checkpoint data/retrieval/benchmark_data/oax_benchmark_data.jsonl.checkpoint (4150 processed)
2026-02-23 08:31:27,065 INFO Saved checkpoint data/retrieval/benchmark_data/oax_benchmark_data.jsonl.checkpoint (4200 processed)
2026-02-23 08:31:28,720 INFO Saved checkpoint data/retrieval/benchmark_data/oax_benchmark_data.jsonl.checkpoint (4250 processed)
2026-02-23 08:31:30,306 INFO Saved checkpoint data/retrieval/benchmark_data/oax_benchmark_data.jsonl.checkpoint (4300 processed)
2026-02-23 08:31:31,850 INFO Saved checkpoint data/retrieval/benchmark_data/oax_benchmark_data.jsonl.checkpoint (4350 processed)
2026-02-23 08:31:33,515 INFO Saved checkpoint data/retrieval/benchmark_data/oax_benchmark_data.jsonl.checkpoint (4400 processed)
2026-02-23 08:31:35,041 INFO Saved checkpoint data/retrieval/benchmark_data/oax_benchmark_data.jsonl.checkpoint (4450 processed)
2026-02-23 08:31:36,644 INFO Saved checkpoint data/retrieval/benchmark_data/oax_benchmark_data.jsonl.checkpoint (4500 processed)
2026-02-23 08:31:38,319 INFO Saved checkpoint data/retrieval/benchmark_data/oax_benchmark_data.jsonl.checkpoint (4550 processed)
2026-02-23 08:31:39,747 INFO Saved checkpoint data/retrieval/benchmark_data/oax_benchmark_data.jsonl.checkpoint (4600 processed)
2026-02-23 08:31:41,231 INFO Saved checkpoint data/retrieval/benchmark_data/oax_benchmark_data.jsonl.checkpoint (4650 processed)
2026-02-23 08:31:42,564 INFO Saved checkpoint data/retrieval/benchmark_data/oax_benchmark_data.jsonl.checkpoint (4700 processed)
2026-02-23 08:31:44,308 INFO Saved checkpoint data/retrieval/benchmark_data/oax_benchmark_data.jsonl.checkpoint (4750 processed)
2026-02-23 08:31:45,657 INFO Saved checkpoint data/retrieval/benchmark_data/oax_benchmark_data.jsonl.checkpoint (4800 processed)
2026-02-23 08:31:47,347 INFO Saved checkpoint data/retrieval/benchmark_data/oax_benchmark_data.jsonl.checkpoint (4850 processed)
2026-02-23 08:31:48,942 INFO Saved checkpoint data/retrieval/benchmark_data/oax_benchmark_data.jsonl.checkpoint (4900 processed)
2026-02-23 08:31:50,492 INFO Saved checkpoint data/retrieval/benchmark_data/oax_benchmark_data.jsonl.checkpoint (4950 processed)
2026-02-23 08:31:51,983 INFO Saved checkpoint data/retrieval/benchmark_data/oax_benchmark_data.jsonl.checkpoint (5000 processed)
2026-02-23 08:31:53,541 INFO Saved checkpoint data/retrieval/benchmark_data/oax_benchmark_data.jsonl.checkpoint (5050 processed)
2026-02-23 08:31:54,844 INFO Saved checkpoint data/retrieval/benchmark_data/oax_benchmark_data.jsonl.checkpoint (5100 processed)
2026-02-23 08:31:56,358 INFO Saved checkpoint data/retrieval/benchmark_data/oax_benchmark_data.jsonl.checkpoint (5150 processed)
2026-02-23 08:31:57,657 INFO Saved checkpoint data/retrieval/benchmark_data/oax_benchmark_data.jsonl.checkpoint (5200 processed)
2026-02-23 08:31:59,575 INFO Saved checkpoint data/retrieval/benchmark_data/oax_benchmark_data.jsonl.checkpoint (5250 processed)
2026-02-23 08:32:00,586 INFO Saved checkpoint data/retrieval/benchmark_data/oax_benchmark_data.jsonl.checkpoint (5300 processed)
2026-02-23 08:32:01,900 INFO Saved checkpoint data/retrieval/benchmark_data/oax_benchmark_data.jsonl.checkpoint (5350 processed)
2026-02-23 08:32:03,620 INFO Saved checkpoint data/retrieval/benchmark_data/oax_benchmark_data.jsonl.checkpoint (5400 processed)
2026-02-23 08:32:06,165 INFO Saved checkpoint data/retrieval/benchmark_data/oax_benchmark_data.jsonl.checkpoint (5450 processed)
2026-02-23 08:32:07,522 INFO Saved checkpoint data/retrieval/benchmark_data/oax_benchmark_data.jsonl.checkpoint (5500 processed)
2026-02-23 08:32:09,057 INFO Saved checkpoint data/retrieval/benchmark_data/oax_benchmark_data.jsonl.checkpoint (5550 processed)
2026-02-23 08:32:10,422 INFO Saved checkpoint data/retrieval/benchmark_data/oax_benchmark_data.jsonl.checkpoint (5600 processed)
2026-02-23 08:32:11,833 INFO Saved checkpoint data/retrieval/benchmark_data/oax_benchmark_data.jsonl.checkpoint (5650 processed)
2026-02-23 08:32:13,449 INFO Saved checkpoint data/retrieval/benchmark_data/oax_benchmark_data.jsonl.checkpoint (5700 processed)
2026-02-23 08:32:14,949 INFO Saved checkpoint data/retrieval/benchmark_data/oax_benchmark_data.jsonl.checkpoint (5750 processed)
2026-02-23 08:32:16,350 INFO Saved checkpoint data/retrieval/benchmark_data/oax_benchmark_data.jsonl.checkpoint (5800 processed)
2026-02-23 08:32:17,679 INFO Saved checkpoint data/retrieval/benchmark_data/oax_benchmark_data.jsonl.checkpoint (5850 processed)
2026-02-23 08:32:19,304 INFO Saved checkpoint data/retrieval/benchmark_data/oax_benchmark_data.jsonl.checkpoint (5900 processed)
2026-02-23 08:32:21,000 INFO Saved checkpoint data/retrieval/benchmark_data/oax_benchmark_data.jsonl.checkpoint (5950 processed)
2026-02-23 08:32:22,332 INFO Saved checkpoint data/retrieval/benchmark_data/oax_benchmark_data.jsonl.checkpoint (6000 processed)
2026-02-23 08:32:23,934 INFO Saved checkpoint data/retrieval/benchmark_data/oax_benchmark_data.jsonl.checkpoint (6050 processed)
2026-02-23 08:32:25,381 INFO Saved checkpoint data/retrieval/benchmark_data/oax_benchmark_data.jsonl.checkpoint (6100 processed)
2026-02-23 08:32:26,870 INFO Saved checkpoint data/retrieval/benchmark_data/oax_benchmark_data.jsonl.checkpoint (6150 processed)
2026-02-23 08:32:28,263 INFO Saved checkpoint data/retrieval/benchmark_data/oax_benchmark_data.jsonl.checkpoint (6200 processed)
2026-02-23 08:32:29,661 INFO Saved checkpoint data/retrieval/benchmark_data/oax_benchmark_data.jsonl.checkpoint (6250 processed)
2026-02-23 08:32:30,971 INFO Saved checkpoint data/retrieval/benchmark_data/oax_benchmark_data.jsonl.checkpoint (6300 processed)
2026-02-23 08:32:32,438 INFO Saved checkpoint data/retrieval/benchmark_data/oax_benchmark_data.jsonl.checkpoint (6350 processed)
2026-02-23 08:32:33,900 INFO Saved checkpoint data/retrieval/benchmark_data/oax_benchmark_data.jsonl.checkpoint (6400 processed)
2026-02-23 08:32:35,901 INFO Saved checkpoint data/retrieval/benchmark_data/oax_benchmark_data.jsonl.checkpoint (6450 processed)
2026-02-23 08:32:37,549 INFO Saved checkpoint data/retrieval/benchmark_data/oax_benchmark_data.jsonl.checkpoint (6500 processed)
2026-02-23 08:32:38,929 INFO Saved checkpoint data/retrieval/benchmark_data/oax_benchmark_data.jsonl.checkpoint (6550 processed)
2026-02-23 08:32:40,921 INFO Saved checkpoint data/retrieval/benchmark_data/oax_benchmark_data.jsonl.checkpoint (6600 processed)
2026-02-23 08:32:42,348 INFO Saved checkpoint data/retrieval/benchmark_data/oax_benchmark_data.jsonl.checkpoint (6650 processed)
2026-02-23 08:32:43,669 INFO Saved checkpoint data/retrieval/benchmark_data/oax_benchmark_data.jsonl.checkpoint (6700 processed)
2026-02-23 08:32:45,258 INFO Saved checkpoint data/retrieval/benchmark_data/oax_benchmark_data.jsonl.checkpoint (6750 processed)
2026-02-23 08:32:47,014 INFO Saved checkpoint data/retrieval/benchmark_data/oax_benchmark_data.jsonl.checkpoint (6800 processed)
2026-02-23 08:32:49,041 INFO Saved checkpoint data/retrieval/benchmark_data/oax_benchmark_data.jsonl.checkpoint (6850 processed)
2026-02-23 08:32:50,763 INFO Saved checkpoint data/retrieval/benchmark_data/oax_benchmark_data.jsonl.checkpoint (6900 processed)
2026-02-23 08:32:52,209 INFO Saved checkpoint data/retrieval/benchmark_data/oax_benchmark_data.jsonl.checkpoint (6950 processed)
2026-02-23 08:32:53,675 INFO Saved checkpoint data/retrieval/benchmark_data/oax_benchmark_data.jsonl.checkpoint (7000 processed)
2026-02-23 08:32:55,365 INFO Saved checkpoint data/retrieval/benchmark_data/oax_benchmark_data.jsonl.checkpoint (7050 processed)
2026-02-23 08:32:56,792 INFO Saved checkpoint data/retrieval/benchmark_data/oax_benchmark_data.jsonl.checkpoint (7100 processed)
2026-02-23 08:32:58,337 INFO Saved checkpoint data/retrieval/benchmark_data/oax_benchmark_data.jsonl.checkpoint (7150 processed)
2026-02-23 08:32:59,927 INFO Saved checkpoint data/retrieval/benchmark_data/oax_benchmark_data.jsonl.checkpoint (7200 processed)
2026-02-23 08:33:01,539 INFO Saved checkpoint data/retrieval/benchmark_data/oax_benchmark_data.jsonl.checkpoint (7250 processed)
2026-02-23 08:33:03,201 INFO Saved checkpoint data/retrieval/benchmark_data/oax_benchmark_data.jsonl.checkpoint (7300 processed)
2026-02-23 08:33:04,251 INFO Saved checkpoint data/retrieval/benchmark_data/oax_benchmark_data.jsonl.checkpoint (7350 processed)
2026-02-23 08:33:05,606 INFO Saved checkpoint data/retrieval/benchmark_data/oax_benchmark_data.jsonl.checkpoint (7400 processed)
2026-02-23 08:33:06,937 INFO Saved checkpoint data/retrieval/benchmark_data/oax_benchmark_data.jsonl.checkpoint (7450 processed)
2026-02-23 08:33:08,308 INFO Saved checkpoint data/retrieval/benchmark_data/oax_benchmark_data.jsonl.checkpoint (7500 processed)
2026-02-23 08:33:09,670 INFO Saved checkpoint data/retrieval/benchmark_data/oax_benchmark_data.jsonl.checkpoint (7550 processed)
2026-02-23 08:33:11,065 INFO Saved checkpoint data/retrieval/benchmark_data/oax_benchmark_data.jsonl.checkpoint (7600 processed)
2026-02-23 08:33:12,538 INFO Saved checkpoint data/retrieval/benchmark_data/oax_benchmark_data.jsonl.checkpoint (7650 processed)
2026-02-23 08:33:14,244 INFO Saved checkpoint data/retrieval/benchmark_data/oax_benchmark_data.jsonl.checkpoint (7700 processed)
2026-02-23 08:33:15,724 INFO Saved checkpoint data/retrieval/benchmark_data/oax_benchmark_data.jsonl.checkpoint (7750 processed)
2026-02-23 08:33:17,445 INFO Saved checkpoint data/retrieval/benchmark_data/oax_benchmark_data.jsonl.checkpoint (7800 processed)
2026-02-23 08:33:19,655 INFO Saved checkpoint data/retrieval/benchmark_data/oax_benchmark_data.jsonl.checkpoint (7850 processed)
2026-02-23 08:33:21,304 INFO Saved checkpoint data/retrieval/benchmark_data/oax_benchmark_data.jsonl.checkpoint (7900 processed)
2026-02-23 08:33:22,728 INFO Saved checkpoint data/retrieval/benchmark_data/oax_benchmark_data.jsonl.checkpoint (7950 processed)
2026-02-23 08:33:24,109 INFO Saved checkpoint data/retrieval/benchmark_data/oax_benchmark_data.jsonl.checkpoint (8000 processed)
2026-02-23 08:33:25,417 INFO Saved checkpoint data/retrieval/benchmark_data/oax_benchmark_data.jsonl.checkpoint (8050 processed)
2026-02-23 08:33:27,128 INFO Saved checkpoint data/retrieval/benchmark_data/oax_benchmark_data.jsonl.checkpoint (8100 processed)
2026-02-23 08:33:28,556 INFO Saved checkpoint data/retrieval/benchmark_data/oax_benchmark_data.jsonl.checkpoint (8150 processed)
2026-02-23 08:33:30,037 INFO Saved checkpoint data/retrieval/benchmark_data/oax_benchmark_data.jsonl.checkpoint (8200 processed)
2026-02-23 08:33:31,477 INFO Saved checkpoint data/retrieval/benchmark_data/oax_benchmark_data.jsonl.checkpoint (8250 processed)
2026-02-23 08:33:32,984 INFO Saved checkpoint data/retrieval/benchmark_data/oax_benchmark_data.jsonl.checkpoint (8300 processed)
2026-02-23 08:33:34,598 INFO Saved checkpoint data/retrieval/benchmark_data/oax_benchmark_data.jsonl.checkpoint (8350 processed)
2026-02-23 08:33:36,114 INFO Saved checkpoint data/retrieval/benchmark_data/oax_benchmark_data.jsonl.checkpoint (8400 processed)
2026-02-23 08:33:37,529 INFO Saved checkpoint data/retrieval/benchmark_data/oax_benchmark_data.jsonl.checkpoint (8450 processed)
2026-02-23 08:33:39,143 INFO Saved checkpoint data/retrieval/benchmark_data/oax_benchmark_data.jsonl.checkpoint (8500 processed)
2026-02-23 08:33:40,626 INFO Saved checkpoint data/retrieval/benchmark_data/oax_benchmark_data.jsonl.checkpoint (8550 processed)
2026-02-23 08:33:41,913 INFO Saved checkpoint data/retrieval/benchmark_data/oax_benchmark_data.jsonl.checkpoint (8600 processed)
2026-02-23 08:33:43,343 INFO Saved checkpoint data/retrieval/benchmark_data/oax_benchmark_data.jsonl.checkpoint (8650 processed)
2026-02-23 08:33:44,744 INFO Saved checkpoint data/retrieval/benchmark_data/oax_benchmark_data.jsonl.checkpoint (8700 processed)
2026-02-23 08:33:46,351 INFO Saved checkpoint data/retrieval/benchmark_data/oax_benchmark_data.jsonl.checkpoint (8750 processed)
2026-02-23 08:33:47,791 INFO Saved checkpoint data/retrieval/benchmark_data/oax_benchmark_data.jsonl.checkpoint (8800 processed)
2026-02-23 08:33:49,404 INFO Saved checkpoint data/retrieval/benchmark_data/oax_benchmark_data.jsonl.checkpoint (8850 processed)
2026-02-23 08:33:51,013 INFO Saved checkpoint data/retrieval/benchmark_data/oax_benchmark_data.jsonl.checkpoint (8900 processed)
2026-02-23 08:33:52,929 INFO Saved checkpoint data/retrieval/benchmark_data/oax_benchmark_data.jsonl.checkpoint (8950 processed)
2026-02-23 08:33:54,318 INFO Saved checkpoint data/retrieval/benchmark_data/oax_benchmark_data.jsonl.checkpoint (9000 processed)
2026-02-23 08:33:56,069 INFO Saved checkpoint data/retrieval/benchmark_data/oax_benchmark_data.jsonl.checkpoint (9050 processed)
2026-02-23 08:33:57,493 INFO Saved checkpoint data/retrieval/benchmark_data/oax_benchmark_data.jsonl.checkpoint (9100 processed)
2026-02-23 08:33:58,956 INFO Saved checkpoint data/retrieval/benchmark_data/oax_benchmark_data.jsonl.checkpoint (9150 processed)
2026-02-23 08:34:00,426 INFO Saved checkpoint data/retrieval/benchmark_data/oax_benchmark_data.jsonl.checkpoint (9200 processed)
2026-02-23 08:34:01,870 INFO Saved checkpoint data/retrieval/benchmark_data/oax_benchmark_data.jsonl.checkpoint (9250 processed)
2026-02-23 08:34:03,681 INFO Saved checkpoint data/retrieval/benchmark_data/oax_benchmark_data.jsonl.checkpoint (9300 processed)
2026-02-23 08:34:05,162 INFO Saved checkpoint data/retrieval/benchmark_data/oax_benchmark_data.jsonl.checkpoint (9350 processed)
2026-02-23 08:34:06,209 INFO Saved checkpoint data/retrieval/benchmark_data/oax_benchmark_data.jsonl.checkpoint (9400 processed)
2026-02-23 08:34:07,595 INFO Saved checkpoint data/retrieval/benchmark_data/oax_benchmark_data.jsonl.checkpoint (9450 processed)
2026-02-23 08:34:09,073 INFO Saved checkpoint data/retrieval/benchmark_data/oax_benchmark_data.jsonl.checkpoint (9500 processed)
2026-02-23 08:34:10,627 INFO Saved checkpoint data/retrieval/benchmark_data/oax_benchmark_data.jsonl.checkpoint (9550 processed)
2026-02-23 08:34:11,992 INFO Saved checkpoint data/retrieval/benchmark_data/oax_benchmark_data.jsonl.checkpoint (9600 processed)
2026-02-23 08:34:13,657 INFO Saved checkpoint data/retrieval/benchmark_data/oax_benchmark_data.jsonl.checkpoint (9650 processed)
2026-02-23 08:34:15,161 INFO Saved checkpoint data/retrieval/benchmark_data/oax_benchmark_data.jsonl.checkpoint (9700 processed)
2026-02-23 08:34:16,375 INFO Saved checkpoint data/retrieval/benchmark_data/oax_benchmark_data.jsonl.checkpoint (9750 processed)
2026-02-23 08:34:17,819 INFO Saved checkpoint data/retrieval/benchmark_data/oax_benchmark_data.jsonl.checkpoint (9800 processed)
2026-02-23 08:34:19,207 INFO Saved checkpoint data/retrieval/benchmark_data/oax_benchmark_data.jsonl.checkpoint (9850 processed)
2026-02-23 08:34:20,572 INFO Saved checkpoint data/retrieval/benchmark_data/oax_benchmark_data.jsonl.checkpoint (9900 processed)
2026-02-23 08:34:22,037 INFO Saved checkpoint data/retrieval/benchmark_data/oax_benchmark_data.jsonl.checkpoint (9950 processed)
2026-02-23 08:34:23,550 INFO Saved checkpoint data/retrieval/benchmark_data/oax_benchmark_data.jsonl.checkpoint (10000 processed)
2026-02-23 08:34:25,161 INFO Saved checkpoint data/retrieval/benchmark_data/oax_benchmark_data.jsonl.checkpoint (10050 processed)
2026-02-23 08:34:26,438 INFO Saved checkpoint data/retrieval/benchmark_data/oax_benchmark_data.jsonl.checkpoint (10100 processed)
2026-02-23 08:34:28,067 INFO Saved checkpoint data/retrieval/benchmark_data/oax_benchmark_data.jsonl.checkpoint (10150 processed)
2026-02-23 08:34:29,539 INFO Saved checkpoint data/retrieval/benchmark_data/oax_benchmark_data.jsonl.checkpoint (10200 processed)
2026-02-23 08:34:31,048 INFO Saved checkpoint data/retrieval/benchmark_data/oax_benchmark_data.jsonl.checkpoint (10250 processed)
2026-02-23 08:34:32,377 INFO Saved checkpoint data/retrieval/benchmark_data/oax_benchmark_data.jsonl.checkpoint (10300 processed)
2026-02-23 08:34:34,028 INFO Saved checkpoint data/retrieval/benchmark_data/oax_benchmark_data.jsonl.checkpoint (10350 processed)
2026-02-23 08:34:35,555 INFO Saved checkpoint data/retrieval/benchmark_data/oax_benchmark_data.jsonl.checkpoint (10400 processed)
2026-02-23 08:34:37,125 INFO Saved checkpoint data/retrieval/benchmark_data/oax_benchmark_data.jsonl.checkpoint (10450 processed)
2026-02-23 08:34:38,663 INFO Saved checkpoint data/retrieval/benchmark_data/oax_benchmark_data.jsonl.checkpoint (10500 processed)
2026-02-23 08:34:40,381 INFO Saved checkpoint data/retrieval/benchmark_data/oax_benchmark_data.jsonl.checkpoint (10550 processed)
2026-02-23 08:34:42,614 INFO Saved checkpoint data/retrieval/benchmark_data/oax_benchmark_data.jsonl.checkpoint (10600 processed)
2026-02-23 08:34:44,064 INFO Saved checkpoint data/retrieval/benchmark_data/oax_benchmark_data.jsonl.checkpoint (10650 processed)
2026-02-23 08:34:45,505 INFO Saved checkpoint data/retrieval/benchmark_data/oax_benchmark_data.jsonl.checkpoint (10700 processed)
2026-02-23 08:34:47,589 INFO Saved checkpoint data/retrieval/benchmark_data/oax_benchmark_data.jsonl.checkpoint (10750 processed)
2026-02-23 08:34:49,440 INFO Saved checkpoint data/retrieval/benchmark_data/oax_benchmark_data.jsonl.checkpoint (10800 processed)
2026-02-23 08:34:50,775 INFO Saved checkpoint data/retrieval/benchmark_data/oax_benchmark_data.jsonl.checkpoint (10850 processed)
2026-02-23 08:34:52,238 INFO Saved checkpoint data/retrieval/benchmark_data/oax_benchmark_data.jsonl.checkpoint (10900 processed)
2026-02-23 08:34:53,675 INFO Saved checkpoint data/retrieval/benchmark_data/oax_benchmark_data.jsonl.checkpoint (10950 processed)
2026-02-23 08:34:55,224 INFO Saved checkpoint data/retrieval/benchmark_data/oax_benchmark_data.jsonl.checkpoint (11000 processed)
2026-02-23 08:34:56,941 INFO Saved checkpoint data/retrieval/benchmark_data/oax_benchmark_data.jsonl.checkpoint (11050 processed)
2026-02-23 08:34:58,448 INFO Saved checkpoint data/retrieval/benchmark_data/oax_benchmark_data.jsonl.checkpoint (11100 processed)
2026-02-23 08:34:59,951 INFO Saved checkpoint data/retrieval/benchmark_data/oax_benchmark_data.jsonl.checkpoint (11150 processed)
2026-02-23 08:35:01,443 INFO Saved checkpoint data/retrieval/benchmark_data/oax_benchmark_data.jsonl.checkpoint (11200 processed)
2026-02-23 08:35:03,234 INFO Saved checkpoint data/retrieval/benchmark_data/oax_benchmark_data.jsonl.checkpoint (11250 processed)
2026-02-23 08:35:04,716 INFO Saved checkpoint data/retrieval/benchmark_data/oax_benchmark_data.jsonl.checkpoint (11300 processed)
2026-02-23 08:35:06,313 INFO Saved checkpoint data/retrieval/benchmark_data/oax_benchmark_data.jsonl.checkpoint (11350 processed)
2026-02-23 08:35:07,778 INFO Saved checkpoint data/retrieval/benchmark_data/oax_benchmark_data.jsonl.checkpoint (11400 processed)
2026-02-23 08:35:09,261 INFO Saved checkpoint data/retrieval/benchmark_data/oax_benchmark_data.jsonl.checkpoint (11450 processed)
2026-02-23 08:35:10,813 INFO Saved checkpoint data/retrieval/benchmark_data/oax_benchmark_data.jsonl.checkpoint (11500 processed)
2026-02-23 08:35:12,358 INFO Saved checkpoint data/retrieval/benchmark_data/oax_benchmark_data.jsonl.checkpoint (11550 processed)
2026-02-23 08:35:14,009 INFO Saved checkpoint data/retrieval/benchmark_data/oax_benchmark_data.jsonl.checkpoint (11600 processed)
2026-02-23 08:35:15,454 INFO Saved checkpoint data/retrieval/benchmark_data/oax_benchmark_data.jsonl.checkpoint (11650 processed)
2026-02-23 08:35:17,461 INFO Saved checkpoint data/retrieval/benchmark_data/oax_benchmark_data.jsonl.checkpoint (11700 processed)
2026-02-23 08:35:18,963 INFO Saved checkpoint data/retrieval/benchmark_data/oax_benchmark_data.jsonl.checkpoint (11750 processed)
2026-02-23 08:35:20,480 INFO Saved checkpoint data/retrieval/benchmark_data/oax_benchmark_data.jsonl.checkpoint (11800 processed)
2026-02-23 08:35:21,969 INFO Saved checkpoint data/retrieval/benchmark_data/oax_benchmark_data.jsonl.checkpoint (11850 processed)
2026-02-23 08:35:23,341 INFO Saved checkpoint data/retrieval/benchmark_data/oax_benchmark_data.jsonl.checkpoint (11900 processed)
2026-02-23 08:35:25,035 INFO Saved checkpoint data/retrieval/benchmark_data/oax_benchmark_data.jsonl.checkpoint (11950 processed)
2026-02-23 08:35:26,360 INFO Saved checkpoint data/retrieval/benchmark_data/oax_benchmark_data.jsonl.checkpoint (12000 processed)
2026-02-23 08:35:27,863 INFO Saved checkpoint data/retrieval/benchmark_data/oax_benchmark_data.jsonl.checkpoint (12050 processed)
2026-02-23 08:35:29,498 INFO Saved checkpoint data/retrieval/benchmark_data/oax_benchmark_data.jsonl.checkpoint (12100 processed)
2026-02-23 08:35:30,881 INFO Saved checkpoint data/retrieval/benchmark_data/oax_benchmark_data.jsonl.checkpoint (12150 processed)
2026-02-23 08:35:32,391 INFO Saved checkpoint data/retrieval/benchmark_data/oax_benchmark_data.jsonl.checkpoint (12200 processed)
2026-02-23 08:35:33,841 INFO Saved checkpoint data/retrieval/benchmark_data/oax_benchmark_data.jsonl.checkpoint (12250 processed)
2026-02-23 08:35:35,616 INFO Saved checkpoint data/retrieval/benchmark_data/oax_benchmark_data.jsonl.checkpoint (12300 processed)
2026-02-23 08:35:37,121 INFO Saved checkpoint data/retrieval/benchmark_data/oax_benchmark_data.jsonl.checkpoint (12350 processed)
2026-02-23 08:35:38,547 INFO Saved checkpoint data/retrieval/benchmark_data/oax_benchmark_data.jsonl.checkpoint (12400 processed)
2026-02-23 08:35:40,055 INFO Saved checkpoint data/retrieval/benchmark_data/oax_benchmark_data.jsonl.checkpoint (12450 processed)
2026-02-23 08:35:41,672 INFO Saved checkpoint data/retrieval/benchmark_data/oax_benchmark_data.jsonl.checkpoint (12500 processed)
2026-02-23 08:35:43,206 INFO Saved checkpoint data/retrieval/benchmark_data/oax_benchmark_data.jsonl.checkpoint (12550 processed)
2026-02-23 08:35:44,460 INFO Saved checkpoint data/retrieval/benchmark_data/oax_benchmark_data.jsonl.checkpoint (12600 processed)
2026-02-23 08:35:46,026 INFO Saved checkpoint data/retrieval/benchmark_data/oax_benchmark_data.jsonl.checkpoint (12650 processed)
2026-02-23 08:35:47,542 INFO Saved checkpoint data/retrieval/benchmark_data/oax_benchmark_data.jsonl.checkpoint (12700 processed)
2026-02-23 08:35:49,086 INFO Saved checkpoint data/retrieval/benchmark_data/oax_benchmark_data.jsonl.checkpoint (12750 processed)
2026-02-23 08:35:50,413 INFO Saved checkpoint data/retrieval/benchmark_data/oax_benchmark_data.jsonl.checkpoint (12800 processed)
2026-02-23 08:35:51,908 INFO Saved checkpoint data/retrieval/benchmark_data/oax_benchmark_data.jsonl.checkpoint (12850 processed)
2026-02-23 08:35:53,322 INFO Saved checkpoint data/retrieval/benchmark_data/oax_benchmark_data.jsonl.checkpoint (12900 processed)
2026-02-23 08:35:54,977 INFO Saved checkpoint data/retrieval/benchmark_data/oax_benchmark_data.jsonl.checkpoint (12950 processed)
2026-02-23 08:35:56,515 INFO Saved checkpoint data/retrieval/benchmark_data/oax_benchmark_data.jsonl.checkpoint (13000 processed)
2026-02-23 08:35:57,933 INFO Saved checkpoint data/retrieval/benchmark_data/oax_benchmark_data.jsonl.checkpoint (13050 processed)
2026-02-23 08:35:59,410 INFO Saved checkpoint data/retrieval/benchmark_data/oax_benchmark_data.jsonl.checkpoint (13100 processed)
2026-02-23 08:36:01,046 INFO Saved checkpoint data/retrieval/benchmark_data/oax_benchmark_data.jsonl.checkpoint (13150 processed)
2026-02-23 08:36:02,431 INFO Saved checkpoint data/retrieval/benchmark_data/oax_benchmark_data.jsonl.checkpoint (13200 processed)
2026-02-23 08:36:04,055 INFO Saved checkpoint data/retrieval/benchmark_data/oax_benchmark_data.jsonl.checkpoint (13250 processed)
2026-02-23 08:36:05,592 INFO Saved checkpoint data/retrieval/benchmark_data/oax_benchmark_data.jsonl.checkpoint (13300 processed)
2026-02-23 08:36:07,024 INFO Saved checkpoint data/retrieval/benchmark_data/oax_benchmark_data.jsonl.checkpoint (13350 processed)
2026-02-23 08:36:08,677 INFO Saved checkpoint data/retrieval/benchmark_data/oax_benchmark_data.jsonl.checkpoint (13400 processed)
2026-02-23 08:36:10,099 INFO Saved checkpoint data/retrieval/benchmark_data/oax_benchmark_data.jsonl.checkpoint (13450 processed)
2026-02-23 08:36:11,601 INFO Saved checkpoint data/retrieval/benchmark_data/oax_benchmark_data.jsonl.checkpoint (13500 processed)
2026-02-23 08:36:12,991 INFO Saved checkpoint data/retrieval/benchmark_data/oax_benchmark_data.jsonl.checkpoint (13550 processed)
2026-02-23 08:36:14,687 INFO Saved checkpoint data/retrieval/benchmark_data/oax_benchmark_data.jsonl.checkpoint (13600 processed)
2026-02-23 08:36:16,156 INFO Saved checkpoint data/retrieval/benchmark_data/oax_benchmark_data.jsonl.checkpoint (13650 processed)
2026-02-23 08:36:17,473 INFO Saved checkpoint data/retrieval/benchmark_data/oax_benchmark_data.jsonl.checkpoint (13700 processed)
2026-02-23 08:36:18,489 INFO Saved checkpoint data/retrieval/benchmark_data/oax_benchmark_data.jsonl.checkpoint (13750 processed)
2026-02-23 08:36:20,212 INFO Saved checkpoint data/retrieval/benchmark_data/oax_benchmark_data.jsonl.checkpoint (13800 processed)
2026-02-23 08:36:21,744 INFO Saved checkpoint data/retrieval/benchmark_data/oax_benchmark_data.jsonl.checkpoint (13850 processed)
2026-02-23 08:36:23,308 INFO Saved checkpoint data/retrieval/benchmark_data/oax_benchmark_data.jsonl.checkpoint (13900 processed)
2026-02-23 08:36:24,687 INFO Saved checkpoint data/retrieval/benchmark_data/oax_benchmark_data.jsonl.checkpoint (13950 processed)
2026-02-23 08:36:26,183 INFO Saved checkpoint data/retrieval/benchmark_data/oax_benchmark_data.jsonl.checkpoint (14000 processed)
2026-02-23 08:36:27,772 INFO Saved checkpoint data/retrieval/benchmark_data/oax_benchmark_data.jsonl.checkpoint (14050 processed)
2026-02-23 08:36:29,421 INFO Saved checkpoint data/retrieval/benchmark_data/oax_benchmark_data.jsonl.checkpoint (14100 processed)
2026-02-23 08:36:31,087 INFO Saved checkpoint data/retrieval/benchmark_data/oax_benchmark_data.jsonl.checkpoint (14150 processed)
2026-02-23 08:36:32,631 INFO Saved checkpoint data/retrieval/benchmark_data/oax_benchmark_data.jsonl.checkpoint (14200 processed)
2026-02-23 08:36:33,968 INFO Saved checkpoint data/retrieval/benchmark_data/oax_benchmark_data.jsonl.checkpoint (14250 processed)
2026-02-23 08:36:35,598 INFO Saved checkpoint data/retrieval/benchmark_data/oax_benchmark_data.jsonl.checkpoint (14300 processed)
2026-02-23 08:36:38,217 INFO Saved checkpoint data/retrieval/benchmark_data/oax_benchmark_data.jsonl.checkpoint (14350 processed)
2026-02-23 08:36:40,234 INFO Saved checkpoint data/retrieval/benchmark_data/oax_benchmark_data.jsonl.checkpoint (14400 processed)
2026-02-23 08:36:41,493 INFO Saved checkpoint data/retrieval/benchmark_data/oax_benchmark_data.jsonl.checkpoint (14450 processed)
2026-02-23 08:36:42,915 INFO Saved checkpoint data/retrieval/benchmark_data/oax_benchmark_data.jsonl.checkpoint (14500 processed)
2026-02-23 08:36:44,543 INFO Saved checkpoint data/retrieval/benchmark_data/oax_benchmark_data.jsonl.checkpoint (14550 processed)
2026-02-23 08:36:45,982 INFO Saved checkpoint data/retrieval/benchmark_data/oax_benchmark_data.jsonl.checkpoint (14600 processed)
2026-02-23 08:36:47,538 INFO Saved checkpoint data/retrieval/benchmark_data/oax_benchmark_data.jsonl.checkpoint (14650 processed)
2026-02-23 08:36:49,357 INFO Saved checkpoint data/retrieval/benchmark_data/oax_benchmark_data.jsonl.checkpoint (14700 processed)
2026-02-23 08:36:50,850 INFO Saved checkpoint data/retrieval/benchmark_data/oax_benchmark_data.jsonl.checkpoint (14750 processed)
2026-02-23 08:36:52,318 INFO Saved checkpoint data/retrieval/benchmark_data/oax_benchmark_data.jsonl.checkpoint (14800 processed)
2026-02-23 08:36:53,855 INFO Saved checkpoint data/retrieval/benchmark_data/oax_benchmark_data.jsonl.checkpoint (14850 processed)
2026-02-23 08:36:55,234 INFO Saved checkpoint data/retrieval/benchmark_data/oax_benchmark_data.jsonl.checkpoint (14900 processed)
2026-02-23 08:36:56,801 INFO Saved checkpoint data/retrieval/benchmark_data/oax_benchmark_data.jsonl.checkpoint (14950 processed)
2026-02-23 08:36:58,358 INFO Saved checkpoint data/retrieval/benchmark_data/oax_benchmark_data.jsonl.checkpoint (15000 processed)
2026-02-23 08:37:00,079 INFO Saved checkpoint data/retrieval/benchmark_data/oax_benchmark_data.jsonl.checkpoint (15050 processed)
2026-02-23 08:37:01,653 INFO Saved checkpoint data/retrieval/benchmark_data/oax_benchmark_data.jsonl.checkpoint (15100 processed)
2026-02-23 08:37:03,140 INFO Saved checkpoint data/retrieval/benchmark_data/oax_benchmark_data.jsonl.checkpoint (15150 processed)
2026-02-23 08:37:04,700 INFO Saved checkpoint data/retrieval/benchmark_data/oax_benchmark_data.jsonl.checkpoint (15200 processed)
2026-02-23 08:37:06,328 INFO Saved checkpoint data/retrieval/benchmark_data/oax_benchmark_data.jsonl.checkpoint (15250 processed)
2026-02-23 08:37:07,616 INFO Saved checkpoint data/retrieval/benchmark_data/oax_benchmark_data.jsonl.checkpoint (15300 processed)
2026-02-23 08:37:09,000 INFO Saved checkpoint data/retrieval/benchmark_data/oax_benchmark_data.jsonl.checkpoint (15350 processed)
2026-02-23 08:37:10,520 INFO Saved checkpoint data/retrieval/benchmark_data/oax_benchmark_data.jsonl.checkpoint (15400 processed)
2026-02-23 08:37:11,900 INFO Saved checkpoint data/retrieval/benchmark_data/oax_benchmark_data.jsonl.checkpoint (15450 processed)
2026-02-23 08:37:13,460 INFO Saved checkpoint data/retrieval/benchmark_data/oax_benchmark_data.jsonl.checkpoint (15500 processed)
2026-02-23 08:37:14,990 INFO Saved checkpoint data/retrieval/benchmark_data/oax_benchmark_data.jsonl.checkpoint (15550 processed)
2026-02-23 08:37:16,763 INFO Saved checkpoint data/retrieval/benchmark_data/oax_benchmark_data.jsonl.checkpoint (15600 processed)
2026-02-23 08:37:18,267 INFO Saved checkpoint data/retrieval/benchmark_data/oax_benchmark_data.jsonl.checkpoint (15650 processed)
2026-02-23 08:37:19,596 INFO Saved checkpoint data/retrieval/benchmark_data/oax_benchmark_data.jsonl.checkpoint (15700 processed)
2026-02-23 08:37:21,113 INFO Saved checkpoint data/retrieval/benchmark_data/oax_benchmark_data.jsonl.checkpoint (15750 processed)
2026-02-23 08:37:22,872 INFO Saved checkpoint data/retrieval/benchmark_data/oax_benchmark_data.jsonl.checkpoint (15800 processed)
2026-02-23 08:37:24,708 INFO Saved checkpoint data/retrieval/benchmark_data/oax_benchmark_data.jsonl.checkpoint (15850 processed)
2026-02-23 08:37:26,208 INFO Saved checkpoint data/retrieval/benchmark_data/oax_benchmark_data.jsonl.checkpoint (15900 processed)
2026-02-23 08:37:27,726 INFO Saved checkpoint data/retrieval/benchmark_data/oax_benchmark_data.jsonl.checkpoint (15950 processed)
2026-02-23 08:37:29,359 INFO Saved checkpoint data/retrieval/benchmark_data/oax_benchmark_data.jsonl.checkpoint (16000 processed)
2026-02-23 08:37:31,100 INFO Saved checkpoint data/retrieval/benchmark_data/oax_benchmark_data.jsonl.checkpoint (16050 processed)
2026-02-23 08:37:33,042 INFO Saved checkpoint data/retrieval/benchmark_data/oax_benchmark_data.jsonl.checkpoint (16100 processed)
2026-02-23 08:37:34,566 INFO Saved checkpoint data/retrieval/benchmark_data/oax_benchmark_data.jsonl.checkpoint (16150 processed)
2026-02-23 08:37:35,932 INFO Saved checkpoint data/retrieval/benchmark_data/oax_benchmark_data.jsonl.checkpoint (16200 processed)
2026-02-23 08:37:37,428 INFO Saved checkpoint data/retrieval/benchmark_data/oax_benchmark_data.jsonl.checkpoint (16250 processed)
2026-02-23 08:37:38,879 INFO Saved checkpoint data/retrieval/benchmark_data/oax_benchmark_data.jsonl.checkpoint (16300 processed)
2026-02-23 08:37:40,413 INFO Saved checkpoint data/retrieval/benchmark_data/oax_benchmark_data.jsonl.checkpoint (16350 processed)
2026-02-23 08:37:41,722 INFO Saved checkpoint data/retrieval/benchmark_data/oax_benchmark_data.jsonl.checkpoint (16400 processed)
2026-02-23 08:37:43,221 INFO Saved checkpoint data/retrieval/benchmark_data/oax_benchmark_data.jsonl.checkpoint (16450 processed)
2026-02-23 08:37:44,953 INFO Saved checkpoint data/retrieval/benchmark_data/oax_benchmark_data.jsonl.checkpoint (16500 processed)
2026-02-23 08:37:46,705 INFO Saved checkpoint data/retrieval/benchmark_data/oax_benchmark_data.jsonl.checkpoint (16550 processed)
2026-02-23 08:37:48,211 INFO Saved checkpoint data/retrieval/benchmark_data/oax_benchmark_data.jsonl.checkpoint (16600 processed)
2026-02-23 08:37:49,719 INFO Saved checkpoint data/retrieval/benchmark_data/oax_benchmark_data.jsonl.checkpoint (16650 processed)
2026-02-23 08:37:51,754 INFO Saved checkpoint data/retrieval/benchmark_data/oax_benchmark_data.jsonl.checkpoint (16700 processed)
2026-02-23 08:37:53,299 INFO Saved checkpoint data/retrieval/benchmark_data/oax_benchmark_data.jsonl.checkpoint (16750 processed)
2026-02-23 08:37:54,990 INFO Saved checkpoint data/retrieval/benchmark_data/oax_benchmark_data.jsonl.checkpoint (16800 processed)
2026-02-23 08:37:56,311 INFO Saved checkpoint data/retrieval/benchmark_data/oax_benchmark_data.jsonl.checkpoint (16850 processed)
2026-02-23 08:37:58,274 INFO Saved checkpoint data/retrieval/benchmark_data/oax_benchmark_data.jsonl.checkpoint (16900 processed)
2026-02-23 08:37:59,905 INFO Saved checkpoint data/retrieval/benchmark_data/oax_benchmark_data.jsonl.checkpoint (16950 processed)
2026-02-23 08:38:01,329 INFO Saved checkpoint data/retrieval/benchmark_data/oax_benchmark_data.jsonl.checkpoint (17000 processed)
2026-02-23 08:38:02,755 INFO Saved checkpoint data/retrieval/benchmark_data/oax_benchmark_data.jsonl.checkpoint (17050 processed)
2026-02-23 08:38:04,234 INFO Saved checkpoint data/retrieval/benchmark_data/oax_benchmark_data.jsonl.checkpoint (17100 processed)
2026-02-23 08:38:05,659 INFO Saved checkpoint data/retrieval/benchmark_data/oax_benchmark_data.jsonl.checkpoint (17150 processed)
2026-02-23 08:38:07,007 INFO Saved checkpoint data/retrieval/benchmark_data/oax_benchmark_data.jsonl.checkpoint (17200 processed)
2026-02-23 08:38:08,301 INFO Saved checkpoint data/retrieval/benchmark_data/oax_benchmark_data.jsonl.checkpoint (17250 processed)
2026-02-23 08:38:09,924 INFO Saved checkpoint data/retrieval/benchmark_data/oax_benchmark_data.jsonl.checkpoint (17300 processed)
2026-02-23 08:38:11,837 INFO Saved checkpoint data/retrieval/benchmark_data/oax_benchmark_data.jsonl.checkpoint (17350 processed)
2026-02-23 08:38:13,191 INFO Saved checkpoint data/retrieval/benchmark_data/oax_benchmark_data.jsonl.checkpoint (17400 processed)
2026-02-23 08:38:14,858 INFO Saved checkpoint data/retrieval/benchmark_data/oax_benchmark_data.jsonl.checkpoint (17450 processed)
2026-02-23 08:38:16,607 INFO Saved checkpoint data/retrieval/benchmark_data/oax_benchmark_data.jsonl.checkpoint (17500 processed)
2026-02-23 08:38:18,253 INFO Saved checkpoint data/retrieval/benchmark_data/oax_benchmark_data.jsonl.checkpoint (17550 processed)
2026-02-23 08:38:19,739 INFO Saved checkpoint data/retrieval/benchmark_data/oax_benchmark_data.jsonl.checkpoint (17600 processed)
2026-02-23 08:38:21,178 INFO Saved checkpoint data/retrieval/benchmark_data/oax_benchmark_data.jsonl.checkpoint (17650 processed)
2026-02-23 08:38:22,778 INFO Saved checkpoint data/retrieval/benchmark_data/oax_benchmark_data.jsonl.checkpoint (17700 processed)
2026-02-23 08:38:24,326 INFO Saved checkpoint data/retrieval/benchmark_data/oax_benchmark_data.jsonl.checkpoint (17750 processed)
2026-02-23 08:38:25,756 INFO Saved checkpoint data/retrieval/benchmark_data/oax_benchmark_data.jsonl.checkpoint (17800 processed)
2026-02-23 08:38:27,377 INFO Saved checkpoint data/retrieval/benchmark_data/oax_benchmark_data.jsonl.checkpoint (17850 processed)
2026-02-23 08:38:28,719 INFO Saved checkpoint data/retrieval/benchmark_data/oax_benchmark_data.jsonl.checkpoint (17900 processed)
2026-02-23 08:38:30,133 INFO Saved checkpoint data/retrieval/benchmark_data/oax_benchmark_data.jsonl.checkpoint (17950 processed)
2026-02-23 08:38:31,776 INFO Saved checkpoint data/retrieval/benchmark_data/oax_benchmark_data.jsonl.checkpoint (18000 processed)
2026-02-23 08:38:33,318 INFO Saved checkpoint data/retrieval/benchmark_data/oax_benchmark_data.jsonl.checkpoint (18050 processed)
2026-02-23 08:38:34,852 INFO Saved checkpoint data/retrieval/benchmark_data/oax_benchmark_data.jsonl.checkpoint (18100 processed)
2026-02-23 08:38:36,303 INFO Saved checkpoint data/retrieval/benchmark_data/oax_benchmark_data.jsonl.checkpoint (18150 processed)
2026-02-23 08:38:38,042 INFO Saved checkpoint data/retrieval/benchmark_data/oax_benchmark_data.jsonl.checkpoint (18200 processed)
2026-02-23 08:38:39,763 INFO Saved checkpoint data/retrieval/benchmark_data/oax_benchmark_data.jsonl.checkpoint (18250 processed)
2026-02-23 08:38:41,268 INFO Saved checkpoint data/retrieval/benchmark_data/oax_benchmark_data.jsonl.checkpoint (18300 processed)
2026-02-23 08:38:42,768 INFO Saved checkpoint data/retrieval/benchmark_data/oax_benchmark_data.jsonl.checkpoint (18350 processed)
2026-02-23 08:38:44,443 INFO Saved checkpoint data/retrieval/benchmark_data/oax_benchmark_data.jsonl.checkpoint (18400 processed)
2026-02-23 08:38:45,939 INFO Saved checkpoint data/retrieval/benchmark_data/oax_benchmark_data.jsonl.checkpoint (18450 processed)
2026-02-23 08:38:47,260 INFO Saved checkpoint data/retrieval/benchmark_data/oax_benchmark_data.jsonl.checkpoint (18500 processed)
2026-02-23 08:38:48,872 INFO Saved checkpoint data/retrieval/benchmark_data/oax_benchmark_data.jsonl.checkpoint (18550 processed)
2026-02-23 08:38:51,253 INFO Saved checkpoint data/retrieval/benchmark_data/oax_benchmark_data.jsonl.checkpoint (18600 processed)
2026-02-23 08:38:52,737 INFO Saved checkpoint data/retrieval/benchmark_data/oax_benchmark_data.jsonl.checkpoint (18650 processed)
2026-02-23 08:38:54,483 INFO Saved checkpoint data/retrieval/benchmark_data/oax_benchmark_data.jsonl.checkpoint (18700 processed)
2026-02-23 08:38:56,016 INFO Saved checkpoint data/retrieval/benchmark_data/oax_benchmark_data.jsonl.checkpoint (18750 processed)
2026-02-23 08:38:57,476 INFO Saved checkpoint data/retrieval/benchmark_data/oax_benchmark_data.jsonl.checkpoint (18800 processed)
2026-02-23 08:38:58,913 INFO Saved checkpoint data/retrieval/benchmark_data/oax_benchmark_data.jsonl.checkpoint (18850 processed)
2026-02-23 08:39:00,403 INFO Saved checkpoint data/retrieval/benchmark_data/oax_benchmark_data.jsonl.checkpoint (18900 processed)
2026-02-23 08:39:01,995 INFO Saved checkpoint data/retrieval/benchmark_data/oax_benchmark_data.jsonl.checkpoint (18950 processed)
2026-02-23 08:39:03,866 INFO Saved checkpoint data/retrieval/benchmark_data/oax_benchmark_data.jsonl.checkpoint (19000 processed)
2026-02-23 08:39:05,726 INFO Saved checkpoint data/retrieval/benchmark_data/oax_benchmark_data.jsonl.checkpoint (19050 processed)
2026-02-23 08:39:07,139 INFO Saved checkpoint data/retrieval/benchmark_data/oax_benchmark_data.jsonl.checkpoint (19100 processed)
2026-02-23 08:39:08,447 INFO Saved checkpoint data/retrieval/benchmark_data/oax_benchmark_data.jsonl.checkpoint (19150 processed)
2026-02-23 08:39:09,914 INFO Saved checkpoint data/retrieval/benchmark_data/oax_benchmark_data.jsonl.checkpoint (19200 processed)
2026-02-23 08:39:11,303 INFO Saved checkpoint data/retrieval/benchmark_data/oax_benchmark_data.jsonl.checkpoint (19250 processed)
2026-02-23 08:39:12,657 INFO Saved checkpoint data/retrieval/benchmark_data/oax_benchmark_data.jsonl.checkpoint (19300 processed)
2026-02-23 08:39:13,985 INFO Saved checkpoint data/retrieval/benchmark_data/oax_benchmark_data.jsonl.checkpoint (19350 processed)
2026-02-23 08:39:15,614 INFO Saved checkpoint data/retrieval/benchmark_data/oax_benchmark_data.jsonl.checkpoint (19400 processed)
2026-02-23 08:39:17,102 INFO Saved checkpoint data/retrieval/benchmark_data/oax_benchmark_data.jsonl.checkpoint (19450 processed)
2026-02-23 08:39:19,317 INFO Saved checkpoint data/retrieval/benchmark_data/oax_benchmark_data.jsonl.checkpoint (19500 processed)
2026-02-23 08:39:20,864 INFO Saved checkpoint data/retrieval/benchmark_data/oax_benchmark_data.jsonl.checkpoint (19550 processed)
2026-02-23 08:39:22,319 INFO Saved checkpoint data/retrieval/benchmark_data/oax_benchmark_data.jsonl.checkpoint (19600 processed)
2026-02-23 08:39:23,796 INFO Saved checkpoint data/retrieval/benchmark_data/oax_benchmark_data.jsonl.checkpoint (19650 processed)
2026-02-23 08:39:25,274 INFO Saved checkpoint data/retrieval/benchmark_data/oax_benchmark_data.jsonl.checkpoint (19700 processed)
2026-02-23 08:39:26,804 INFO Saved checkpoint data/retrieval/benchmark_data/oax_benchmark_data.jsonl.checkpoint (19750 processed)
2026-02-23 08:39:28,162 INFO Saved checkpoint data/retrieval/benchmark_data/oax_benchmark_data.jsonl.checkpoint (19800 processed)
2026-02-23 08:39:29,476 INFO Saved checkpoint data/retrieval/benchmark_data/oax_benchmark_data.jsonl.checkpoint (19850 processed)
2026-02-23 08:39:30,866 INFO Saved checkpoint data/retrieval/benchmark_data/oax_benchmark_data.jsonl.checkpoint (19900 processed)
2026-02-23 08:39:32,253 INFO Saved checkpoint data/retrieval/benchmark_data/oax_benchmark_data.jsonl.checkpoint (19950 processed)
2026-02-23 08:39:33,879 INFO Saved checkpoint data/retrieval/benchmark_data/oax_benchmark_data.jsonl.checkpoint (20000 processed)
2026-02-23 08:39:35,329 INFO Saved checkpoint data/retrieval/benchmark_data/oax_benchmark_data.jsonl.checkpoint (20050 processed)
2026-02-23 08:39:36,735 INFO Saved checkpoint data/retrieval/benchmark_data/oax_benchmark_data.jsonl.checkpoint (20100 processed)
2026-02-23 08:39:38,137 INFO Saved checkpoint data/retrieval/benchmark_data/oax_benchmark_data.jsonl.checkpoint (20150 processed)
2026-02-23 08:39:39,812 INFO Saved checkpoint data/retrieval/benchmark_data/oax_benchmark_data.jsonl.checkpoint (20200 processed)
2026-02-23 08:39:41,440 INFO Saved checkpoint data/retrieval/benchmark_data/oax_benchmark_data.jsonl.checkpoint (20250 processed)
2026-02-23 08:39:43,496 INFO Saved checkpoint data/retrieval/benchmark_data/oax_benchmark_data.jsonl.checkpoint (20300 processed)
2026-02-23 08:39:45,096 INFO Saved checkpoint data/retrieval/benchmark_data/oax_benchmark_data.jsonl.checkpoint (20350 processed)
2026-02-23 08:39:46,634 INFO Saved checkpoint data/retrieval/benchmark_data/oax_benchmark_data.jsonl.checkpoint (20400 processed)
2026-02-23 08:39:47,946 INFO Saved checkpoint data/retrieval/benchmark_data/oax_benchmark_data.jsonl.checkpoint (20450 processed)
2026-02-23 08:39:49,526 INFO Saved checkpoint data/retrieval/benchmark_data/oax_benchmark_data.jsonl.checkpoint (20500 processed)
2026-02-23 08:39:50,955 INFO Saved checkpoint data/retrieval/benchmark_data/oax_benchmark_data.jsonl.checkpoint (20550 processed)
2026-02-23 08:39:52,503 INFO Saved checkpoint data/retrieval/benchmark_data/oax_benchmark_data.jsonl.checkpoint (20600 processed)
2026-02-23 08:39:54,112 INFO Saved checkpoint data/retrieval/benchmark_data/oax_benchmark_data.jsonl.checkpoint (20650 processed)
2026-02-23 08:39:56,151 INFO Saved checkpoint data/retrieval/benchmark_data/oax_benchmark_data.jsonl.checkpoint (20700 processed)
2026-02-23 08:39:57,735 INFO Saved checkpoint data/retrieval/benchmark_data/oax_benchmark_data.jsonl.checkpoint (20750 processed)
2026-02-23 08:39:59,244 INFO Saved checkpoint data/retrieval/benchmark_data/oax_benchmark_data.jsonl.checkpoint (20800 processed)
2026-02-23 08:40:00,618 INFO Saved checkpoint data/retrieval/benchmark_data/oax_benchmark_data.jsonl.checkpoint (20850 processed)
2026-02-23 08:40:02,060 INFO Saved checkpoint data/retrieval/benchmark_data/oax_benchmark_data.jsonl.checkpoint (20900 processed)
2026-02-23 08:40:03,416 INFO Saved checkpoint data/retrieval/benchmark_data/oax_benchmark_data.jsonl.checkpoint (20950 processed)
2026-02-23 08:40:05,170 INFO Saved checkpoint data/retrieval/benchmark_data/oax_benchmark_data.jsonl.checkpoint (21000 processed)
2026-02-23 08:40:06,714 INFO Saved checkpoint data/retrieval/benchmark_data/oax_benchmark_data.jsonl.checkpoint (21050 processed)
2026-02-23 08:40:08,131 INFO Saved checkpoint data/retrieval/benchmark_data/oax_benchmark_data.jsonl.checkpoint (21100 processed)
2026-02-23 08:40:09,461 INFO Saved checkpoint data/retrieval/benchmark_data/oax_benchmark_data.jsonl.checkpoint (21150 processed)
2026-02-23 08:40:11,073 INFO Saved checkpoint data/retrieval/benchmark_data/oax_benchmark_data.jsonl.checkpoint (21200 processed)
2026-02-23 08:40:12,472 INFO Saved checkpoint data/retrieval/benchmark_data/oax_benchmark_data.jsonl.checkpoint (21250 processed)
2026-02-23 08:40:15,317 INFO Saved checkpoint data/retrieval/benchmark_data/oax_benchmark_data.jsonl.checkpoint (21300 processed)
2026-02-23 08:40:16,762 INFO Saved checkpoint data/retrieval/benchmark_data/oax_benchmark_data.jsonl.checkpoint (21350 processed)
2026-02-23 08:40:18,296 INFO Saved checkpoint data/retrieval/benchmark_data/oax_benchmark_data.jsonl.checkpoint (21400 processed)
2026-02-23 08:40:19,902 INFO Saved checkpoint data/retrieval/benchmark_data/oax_benchmark_data.jsonl.checkpoint (21450 processed)
2026-02-23 08:40:21,798 INFO Saved checkpoint data/retrieval/benchmark_data/oax_benchmark_data.jsonl.checkpoint (21500 processed)
2026-02-23 08:40:23,284 INFO Saved checkpoint data/retrieval/benchmark_data/oax_benchmark_data.jsonl.checkpoint (21550 processed)
2026-02-23 08:40:24,766 INFO Saved checkpoint data/retrieval/benchmark_data/oax_benchmark_data.jsonl.checkpoint (21600 processed)
2026-02-23 08:40:26,216 INFO Saved checkpoint data/retrieval/benchmark_data/oax_benchmark_data.jsonl.checkpoint (21650 processed)
2026-02-23 08:40:27,663 INFO Saved checkpoint data/retrieval/benchmark_data/oax_benchmark_data.jsonl.checkpoint (21700 processed)
2026-02-23 08:40:29,109 INFO Saved checkpoint data/retrieval/benchmark_data/oax_benchmark_data.jsonl.checkpoint (21750 processed)
2026-02-23 08:40:30,453 INFO Saved checkpoint data/retrieval/benchmark_data/oax_benchmark_data.jsonl.checkpoint (21800 processed)
2026-02-23 08:40:31,921 INFO Saved checkpoint data/retrieval/benchmark_data/oax_benchmark_data.jsonl.checkpoint (21850 processed)
2026-02-23 08:40:33,398 INFO Saved checkpoint data/retrieval/benchmark_data/oax_benchmark_data.jsonl.checkpoint (21900 processed)
2026-02-23 08:40:34,766 INFO Saved checkpoint data/retrieval/benchmark_data/oax_benchmark_data.jsonl.checkpoint (21950 processed)
2026-02-23 08:40:36,414 INFO Saved checkpoint data/retrieval/benchmark_data/oax_benchmark_data.jsonl.checkpoint (22000 processed)
2026-02-23 08:40:37,831 INFO Saved checkpoint data/retrieval/benchmark_data/oax_benchmark_data.jsonl.checkpoint (22050 processed)
2026-02-23 08:40:39,792 INFO Saved checkpoint data/retrieval/benchmark_data/oax_benchmark_data.jsonl.checkpoint (22100 processed)
2026-02-23 08:40:41,224 INFO Saved checkpoint data/retrieval/benchmark_data/oax_benchmark_data.jsonl.checkpoint (22150 processed)
2026-02-23 08:40:42,638 INFO Saved checkpoint data/retrieval/benchmark_data/oax_benchmark_data.jsonl.checkpoint (22200 processed)
2026-02-23 08:40:44,459 INFO Saved checkpoint data/retrieval/benchmark_data/oax_benchmark_data.jsonl.checkpoint (22250 processed)
2026-02-23 08:40:46,291 INFO Saved checkpoint data/retrieval/benchmark_data/oax_benchmark_data.jsonl.checkpoint (22300 processed)
2026-02-23 08:40:48,714 INFO Saved checkpoint data/retrieval/benchmark_data/oax_benchmark_data.jsonl.checkpoint (22350 processed)
2026-02-23 08:40:50,107 INFO Saved checkpoint data/retrieval/benchmark_data/oax_benchmark_data.jsonl.checkpoint (22400 processed)
2026-02-23 08:40:51,799 INFO Saved checkpoint data/retrieval/benchmark_data/oax_benchmark_data.jsonl.checkpoint (22450 processed)
2026-02-23 08:40:53,369 INFO Saved checkpoint data/retrieval/benchmark_data/oax_benchmark_data.jsonl.checkpoint (22500 processed)
2026-02-23 08:40:55,016 INFO Saved checkpoint data/retrieval/benchmark_data/oax_benchmark_data.jsonl.checkpoint (22550 processed)
2026-02-23 08:40:56,893 INFO Saved checkpoint data/retrieval/benchmark_data/oax_benchmark_data.jsonl.checkpoint (22600 processed)
2026-02-23 08:40:58,574 INFO Saved checkpoint data/retrieval/benchmark_data/oax_benchmark_data.jsonl.checkpoint (22650 processed)
2026-02-23 08:41:00,253 INFO Saved checkpoint data/retrieval/benchmark_data/oax_benchmark_data.jsonl.checkpoint (22700 processed)
2026-02-23 08:41:01,849 INFO Saved checkpoint data/retrieval/benchmark_data/oax_benchmark_data.jsonl.checkpoint (22750 processed)
2026-02-23 08:41:03,276 INFO Saved checkpoint data/retrieval/benchmark_data/oax_benchmark_data.jsonl.checkpoint (22800 processed)
2026-02-23 08:41:04,898 INFO Saved checkpoint data/retrieval/benchmark_data/oax_benchmark_data.jsonl.checkpoint (22850 processed)
2026-02-23 08:41:06,358 INFO Saved checkpoint data/retrieval/benchmark_data/oax_benchmark_data.jsonl.checkpoint (22900 processed)
2026-02-23 08:41:07,464 INFO Saved checkpoint data/retrieval/benchmark_data/oax_benchmark_data.jsonl.checkpoint (22950 processed)
2026-02-23 08:41:08,888 INFO Saved checkpoint data/retrieval/benchmark_data/oax_benchmark_data.jsonl.checkpoint (23000 processed)
2026-02-23 08:41:10,665 INFO Saved checkpoint data/retrieval/benchmark_data/oax_benchmark_data.jsonl.checkpoint (23050 processed)
2026-02-23 08:41:12,350 INFO Saved checkpoint data/retrieval/benchmark_data/oax_benchmark_data.jsonl.checkpoint (23100 processed)
2026-02-23 08:41:13,824 INFO Saved checkpoint data/retrieval/benchmark_data/oax_benchmark_data.jsonl.checkpoint (23150 processed)
2026-02-23 08:41:15,446 INFO Saved checkpoint data/retrieval/benchmark_data/oax_benchmark_data.jsonl.checkpoint (23200 processed)
2026-02-23 08:41:16,997 INFO Saved checkpoint data/retrieval/benchmark_data/oax_benchmark_data.jsonl.checkpoint (23250 processed)
2026-02-23 08:41:18,593 INFO Saved checkpoint data/retrieval/benchmark_data/oax_benchmark_data.jsonl.checkpoint (23300 processed)
2026-02-23 08:41:20,147 INFO Saved checkpoint data/retrieval/benchmark_data/oax_benchmark_data.jsonl.checkpoint (23350 processed)
2026-02-23 08:41:21,763 INFO Saved checkpoint data/retrieval/benchmark_data/oax_benchmark_data.jsonl.checkpoint (23400 processed)
2026-02-23 08:41:23,150 INFO Saved checkpoint data/retrieval/benchmark_data/oax_benchmark_data.jsonl.checkpoint (23450 processed)
2026-02-23 08:41:24,753 INFO Saved checkpoint data/retrieval/benchmark_data/oax_benchmark_data.jsonl.checkpoint (23500 processed)
2026-02-23 08:41:26,425 INFO Saved checkpoint data/retrieval/benchmark_data/oax_benchmark_data.jsonl.checkpoint (23550 processed)
2026-02-23 08:41:28,408 INFO Saved checkpoint data/retrieval/benchmark_data/oax_benchmark_data.jsonl.checkpoint (23600 processed)
2026-02-23 08:41:29,903 INFO Saved checkpoint data/retrieval/benchmark_data/oax_benchmark_data.jsonl.checkpoint (23650 processed)
2026-02-23 08:41:31,117 INFO Saved checkpoint data/retrieval/benchmark_data/oax_benchmark_data.jsonl.checkpoint (23700 processed)
2026-02-23 08:41:32,173 INFO Saved checkpoint data/retrieval/benchmark_data/oax_benchmark_data.jsonl.checkpoint (23750 processed)
2026-02-23 08:41:33,649 INFO Saved checkpoint data/retrieval/benchmark_data/oax_benchmark_data.jsonl.checkpoint (23800 processed)
2026-02-23 08:41:35,295 INFO Saved checkpoint data/retrieval/benchmark_data/oax_benchmark_data.jsonl.checkpoint (23850 processed)
2026-02-23 08:41:36,747 INFO Saved checkpoint data/retrieval/benchmark_data/oax_benchmark_data.jsonl.checkpoint (23900 processed)
2026-02-23 08:41:38,166 INFO Saved checkpoint data/retrieval/benchmark_data/oax_benchmark_data.jsonl.checkpoint (23950 processed)
2026-02-23 08:41:39,782 INFO Saved checkpoint data/retrieval/benchmark_data/oax_benchmark_data.jsonl.checkpoint (24000 processed)
2026-02-23 08:41:41,347 INFO Saved checkpoint data/retrieval/benchmark_data/oax_benchmark_data.jsonl.checkpoint (24050 processed)
2026-02-23 08:41:42,680 INFO Saved checkpoint data/retrieval/benchmark_data/oax_benchmark_data.jsonl.checkpoint (24100 processed)
2026-02-23 08:41:44,300 INFO Saved checkpoint data/retrieval/benchmark_data/oax_benchmark_data.jsonl.checkpoint (24150 processed)
2026-02-23 08:41:45,781 INFO Saved checkpoint data/retrieval/benchmark_data/oax_benchmark_data.jsonl.checkpoint (24200 processed)
2026-02-23 08:41:47,428 INFO Saved checkpoint data/retrieval/benchmark_data/oax_benchmark_data.jsonl.checkpoint (24250 processed)
2026-02-23 08:41:49,224 INFO Saved checkpoint data/retrieval/benchmark_data/oax_benchmark_data.jsonl.checkpoint (24300 processed)
2026-02-23 08:41:50,718 INFO Saved checkpoint data/retrieval/benchmark_data/oax_benchmark_data.jsonl.checkpoint (24350 processed)
2026-02-23 08:41:52,612 INFO Saved checkpoint data/retrieval/benchmark_data/oax_benchmark_data.jsonl.checkpoint (24400 processed)
2026-02-23 08:41:54,107 INFO Saved checkpoint data/retrieval/benchmark_data/oax_benchmark_data.jsonl.checkpoint (24450 processed)
2026-02-23 08:41:55,503 INFO Saved checkpoint data/retrieval/benchmark_data/oax_benchmark_data.jsonl.checkpoint (24500 processed)
2026-02-23 08:41:57,181 INFO Saved checkpoint data/retrieval/benchmark_data/oax_benchmark_data.jsonl.checkpoint (24550 processed)
2026-02-23 08:41:58,791 INFO Saved checkpoint data/retrieval/benchmark_data/oax_benchmark_data.jsonl.checkpoint (24600 processed)
2026-02-23 08:42:00,398 INFO Saved checkpoint data/retrieval/benchmark_data/oax_benchmark_data.jsonl.checkpoint (24650 processed)
2026-02-23 08:42:01,955 INFO Saved checkpoint data/retrieval/benchmark_data/oax_benchmark_data.jsonl.checkpoint (24700 processed)
2026-02-23 08:42:03,710 INFO Saved checkpoint data/retrieval/benchmark_data/oax_benchmark_data.jsonl.checkpoint (24750 processed)
2026-02-23 08:42:05,146 INFO Saved checkpoint data/retrieval/benchmark_data/oax_benchmark_data.jsonl.checkpoint (24800 processed)
2026-02-23 08:42:06,661 INFO Saved checkpoint data/retrieval/benchmark_data/oax_benchmark_data.jsonl.checkpoint (24850 processed)
2026-02-23 08:42:08,331 INFO Saved checkpoint data/retrieval/benchmark_data/oax_benchmark_data.jsonl.checkpoint (24900 processed)
2026-02-23 08:42:09,659 INFO Saved checkpoint data/retrieval/benchmark_data/oax_benchmark_data.jsonl.checkpoint (24950 processed)
2026-02-23 08:42:11,186 INFO Saved checkpoint data/retrieval/benchmark_data/oax_benchmark_data.jsonl.checkpoint (25000 processed)
2026-02-23 08:42:12,553 INFO Saved checkpoint data/retrieval/benchmark_data/oax_benchmark_data.jsonl.checkpoint (25050 processed)
2026-02-23 08:42:14,087 INFO Saved checkpoint data/retrieval/benchmark_data/oax_benchmark_data.jsonl.checkpoint (25100 processed)
2026-02-23 08:42:15,537 INFO Saved checkpoint data/retrieval/benchmark_data/oax_benchmark_data.jsonl.checkpoint (25150 processed)
2026-02-23 08:42:16,916 INFO Saved checkpoint data/retrieval/benchmark_data/oax_benchmark_data.jsonl.checkpoint (25200 processed)
2026-02-23 08:42:18,542 INFO Saved checkpoint data/retrieval/benchmark_data/oax_benchmark_data.jsonl.checkpoint (25250 processed)
2026-02-23 08:42:19,908 INFO Saved checkpoint data/retrieval/benchmark_data/oax_benchmark_data.jsonl.checkpoint (25300 processed)
2026-02-23 08:42:21,944 INFO Saved checkpoint data/retrieval/benchmark_data/oax_benchmark_data.jsonl.checkpoint (25350 processed)
2026-02-23 08:42:23,426 INFO Saved checkpoint data/retrieval/benchmark_data/oax_benchmark_data.jsonl.checkpoint (25400 processed)
2026-02-23 08:42:24,919 INFO Saved checkpoint data/retrieval/benchmark_data/oax_benchmark_data.jsonl.checkpoint (25450 processed)
2026-02-23 08:42:26,383 INFO Saved checkpoint data/retrieval/benchmark_data/oax_benchmark_data.jsonl.checkpoint (25500 processed)
2026-02-23 08:42:28,011 INFO Saved checkpoint data/retrieval/benchmark_data/oax_benchmark_data.jsonl.checkpoint (25550 processed)
2026-02-23 08:42:29,482 INFO Saved checkpoint data/retrieval/benchmark_data/oax_benchmark_data.jsonl.checkpoint (25600 processed)
2026-02-23 08:42:31,039 INFO Saved checkpoint data/retrieval/benchmark_data/oax_benchmark_data.jsonl.checkpoint (25650 processed)
2026-02-23 08:42:32,783 INFO Saved checkpoint data/retrieval/benchmark_data/oax_benchmark_data.jsonl.checkpoint (25700 processed)
2026-02-23 08:42:34,569 INFO Saved checkpoint data/retrieval/benchmark_data/oax_benchmark_data.jsonl.checkpoint (25750 processed)
2026-02-23 08:42:36,259 INFO Saved checkpoint data/retrieval/benchmark_data/oax_benchmark_data.jsonl.checkpoint (25800 processed)
2026-02-23 08:42:37,780 INFO Saved checkpoint data/retrieval/benchmark_data/oax_benchmark_data.jsonl.checkpoint (25850 processed)
2026-02-23 08:42:39,188 INFO Saved checkpoint data/retrieval/benchmark_data/oax_benchmark_data.jsonl.checkpoint (25900 processed)
2026-02-23 08:42:42,242 INFO Saved checkpoint data/retrieval/benchmark_data/oax_benchmark_data.jsonl.checkpoint (25950 processed)
2026-02-23 08:42:43,741 INFO Saved checkpoint data/retrieval/benchmark_data/oax_benchmark_data.jsonl.checkpoint (26000 processed)
2026-02-23 08:42:45,163 INFO Saved checkpoint data/retrieval/benchmark_data/oax_benchmark_data.jsonl.checkpoint (26050 processed)
2026-02-23 08:42:46,599 INFO Saved checkpoint data/retrieval/benchmark_data/oax_benchmark_data.jsonl.checkpoint (26100 processed)
2026-02-23 08:42:48,040 INFO Saved checkpoint data/retrieval/benchmark_data/oax_benchmark_data.jsonl.checkpoint (26150 processed)
2026-02-23 08:42:49,530 INFO Saved checkpoint data/retrieval/benchmark_data/oax_benchmark_data.jsonl.checkpoint (26200 processed)
2026-02-23 08:42:51,156 INFO Saved checkpoint data/retrieval/benchmark_data/oax_benchmark_data.jsonl.checkpoint (26250 processed)
2026-02-23 08:42:52,513 INFO Saved checkpoint data/retrieval/benchmark_data/oax_benchmark_data.jsonl.checkpoint (26300 processed)
2026-02-23 08:42:54,240 INFO Saved checkpoint data/retrieval/benchmark_data/oax_benchmark_data.jsonl.checkpoint (26350 processed)
2026-02-23 08:42:55,735 INFO Saved checkpoint data/retrieval/benchmark_data/oax_benchmark_data.jsonl.checkpoint (26400 processed)
2026-02-23 08:42:57,387 INFO Saved checkpoint data/retrieval/benchmark_data/oax_benchmark_data.jsonl.checkpoint (26450 processed)
2026-02-23 08:42:58,753 INFO Saved checkpoint data/retrieval/benchmark_data/oax_benchmark_data.jsonl.checkpoint (26500 processed)
2026-02-23 08:43:00,338 INFO Saved checkpoint data/retrieval/benchmark_data/oax_benchmark_data.jsonl.checkpoint (26550 processed)
2026-02-23 08:43:01,886 INFO Saved checkpoint data/retrieval/benchmark_data/oax_benchmark_data.jsonl.checkpoint (26600 processed)
2026-02-23 08:43:03,714 INFO Saved checkpoint data/retrieval/benchmark_data/oax_benchmark_data.jsonl.checkpoint (26650 processed)
2026-02-23 08:43:05,455 INFO Saved checkpoint data/retrieval/benchmark_data/oax_benchmark_data.jsonl.checkpoint (26700 processed)
2026-02-23 08:43:07,433 INFO Saved checkpoint data/retrieval/benchmark_data/oax_benchmark_data.jsonl.checkpoint (26750 processed)
2026-02-23 08:43:08,978 INFO Saved checkpoint data/retrieval/benchmark_data/oax_benchmark_data.jsonl.checkpoint (26800 processed)
2026-02-23 08:43:11,037 INFO Saved checkpoint data/retrieval/benchmark_data/oax_benchmark_data.jsonl.checkpoint (26850 processed)
2026-02-23 08:43:12,641 INFO Saved checkpoint data/retrieval/benchmark_data/oax_benchmark_data.jsonl.checkpoint (26900 processed)
2026-02-23 08:43:14,263 INFO Saved checkpoint data/retrieval/benchmark_data/oax_benchmark_data.jsonl.checkpoint (26950 processed)
2026-02-23 08:43:15,795 INFO Saved checkpoint data/retrieval/benchmark_data/oax_benchmark_data.jsonl.checkpoint (27000 processed)
2026-02-23 08:43:17,183 INFO Saved checkpoint data/retrieval/benchmark_data/oax_benchmark_data.jsonl.checkpoint (27050 processed)
2026-02-23 08:43:18,562 INFO Saved checkpoint data/retrieval/benchmark_data/oax_benchmark_data.jsonl.checkpoint (27100 processed)
2026-02-23 08:43:20,981 INFO Saved checkpoint data/retrieval/benchmark_data/oax_benchmark_data.jsonl.checkpoint (27150 processed)
2026-02-23 08:43:22,448 INFO Saved checkpoint data/retrieval/benchmark_data/oax_benchmark_data.jsonl.checkpoint (27200 processed)
2026-02-23 08:43:23,947 INFO Saved checkpoint data/retrieval/benchmark_data/oax_benchmark_data.jsonl.checkpoint (27250 processed)
2026-02-23 08:43:25,728 INFO Saved checkpoint data/retrieval/benchmark_data/oax_benchmark_data.jsonl.checkpoint (27300 processed)
2026-02-23 08:43:27,217 INFO Saved checkpoint data/retrieval/benchmark_data/oax_benchmark_data.jsonl.checkpoint (27350 processed)
2026-02-23 08:43:28,768 INFO Saved checkpoint data/retrieval/benchmark_data/oax_benchmark_data.jsonl.checkpoint (27400 processed)
2026-02-23 08:43:30,403 INFO Saved checkpoint data/retrieval/benchmark_data/oax_benchmark_data.jsonl.checkpoint (27450 processed)
2026-02-23 08:43:32,159 INFO Saved checkpoint data/retrieval/benchmark_data/oax_benchmark_data.jsonl.checkpoint (27500 processed)
2026-02-23 08:43:33,631 INFO Saved checkpoint data/retrieval/benchmark_data/oax_benchmark_data.jsonl.checkpoint (27550 processed)
2026-02-23 08:43:34,962 INFO Saved checkpoint data/retrieval/benchmark_data/oax_benchmark_data.jsonl.checkpoint (27600 processed)
2026-02-23 08:43:36,990 INFO Saved checkpoint data/retrieval/benchmark_data/oax_benchmark_data.jsonl.checkpoint (27650 processed)
2026-02-23 08:43:38,562 INFO Saved checkpoint data/retrieval/benchmark_data/oax_benchmark_data.jsonl.checkpoint (27700 processed)
2026-02-23 08:43:40,173 INFO Saved checkpoint data/retrieval/benchmark_data/oax_benchmark_data.jsonl.checkpoint (27750 processed)
2026-02-23 08:43:41,699 INFO Saved checkpoint data/retrieval/benchmark_data/oax_benchmark_data.jsonl.checkpoint (27800 processed)
2026-02-23 08:43:43,224 INFO Saved checkpoint data/retrieval/benchmark_data/oax_benchmark_data.jsonl.checkpoint (27850 processed)
2026-02-23 08:43:44,889 INFO Saved checkpoint data/retrieval/benchmark_data/oax_benchmark_data.jsonl.checkpoint (27900 processed)
2026-02-23 08:43:46,237 INFO Saved checkpoint data/retrieval/benchmark_data/oax_benchmark_data.jsonl.checkpoint (27950 processed)
2026-02-23 08:43:47,775 INFO Saved checkpoint data/retrieval/benchmark_data/oax_benchmark_data.jsonl.checkpoint (28000 processed)
2026-02-23 08:43:49,337 INFO Saved checkpoint data/retrieval/benchmark_data/oax_benchmark_data.jsonl.checkpoint (28050 processed)
2026-02-23 08:43:50,765 INFO Saved checkpoint data/retrieval/benchmark_data/oax_benchmark_data.jsonl.checkpoint (28100 processed)
2026-02-23 08:43:52,410 INFO Saved checkpoint data/retrieval/benchmark_data/oax_benchmark_data.jsonl.checkpoint (28150 processed)
2026-02-23 08:43:53,816 INFO Saved checkpoint data/retrieval/benchmark_data/oax_benchmark_data.jsonl.checkpoint (28200 processed)
2026-02-23 08:43:55,417 INFO Saved checkpoint data/retrieval/benchmark_data/oax_benchmark_data.jsonl.checkpoint (28250 processed)
2026-02-23 08:43:56,886 INFO Saved checkpoint data/retrieval/benchmark_data/oax_benchmark_data.jsonl.checkpoint (28300 processed)
2026-02-23 08:43:58,365 INFO Saved checkpoint data/retrieval/benchmark_data/oax_benchmark_data.jsonl.checkpoint (28350 processed)
2026-02-23 08:43:59,951 INFO Saved checkpoint data/retrieval/benchmark_data/oax_benchmark_data.jsonl.checkpoint (28400 processed)
2026-02-23 08:44:01,635 INFO Saved checkpoint data/retrieval/benchmark_data/oax_benchmark_data.jsonl.checkpoint (28450 processed)
2026-02-23 08:44:03,133 INFO Saved checkpoint data/retrieval/benchmark_data/oax_benchmark_data.jsonl.checkpoint (28500 processed)
2026-02-23 08:44:04,680 INFO Saved checkpoint data/retrieval/benchmark_data/oax_benchmark_data.jsonl.checkpoint (28550 processed)
2026-02-23 08:44:06,706 INFO Saved checkpoint data/retrieval/benchmark_data/oax_benchmark_data.jsonl.checkpoint (28600 processed)
2026-02-23 08:44:08,171 INFO Saved checkpoint data/retrieval/benchmark_data/oax_benchmark_data.jsonl.checkpoint (28650 processed)
2026-02-23 08:44:10,071 INFO Saved checkpoint data/retrieval/benchmark_data/oax_benchmark_data.jsonl.checkpoint (28700 processed)
2026-02-23 08:44:11,583 INFO Saved checkpoint data/retrieval/benchmark_data/oax_benchmark_data.jsonl.checkpoint (28750 processed)
2026-02-23 08:44:13,238 INFO Saved checkpoint data/retrieval/benchmark_data/oax_benchmark_data.jsonl.checkpoint (28800 processed)
2026-02-23 08:44:15,452 INFO Saved checkpoint data/retrieval/benchmark_data/oax_benchmark_data.jsonl.checkpoint (28850 processed)
2026-02-23 08:44:17,207 INFO Saved checkpoint data/retrieval/benchmark_data/oax_benchmark_data.jsonl.checkpoint (28900 processed)
2026-02-23 08:44:18,663 INFO Saved checkpoint data/retrieval/benchmark_data/oax_benchmark_data.jsonl.checkpoint (28950 processed)
2026-02-23 08:44:20,507 INFO Saved checkpoint data/retrieval/benchmark_data/oax_benchmark_data.jsonl.checkpoint (29000 processed)
2026-02-23 08:44:22,288 INFO Saved checkpoint data/retrieval/benchmark_data/oax_benchmark_data.jsonl.checkpoint (29050 processed)
2026-02-23 08:44:23,865 INFO Saved checkpoint data/retrieval/benchmark_data/oax_benchmark_data.jsonl.checkpoint (29100 processed)
2026-02-23 08:44:25,283 INFO Saved checkpoint data/retrieval/benchmark_data/oax_benchmark_data.jsonl.checkpoint (29150 processed)
2026-02-23 08:44:26,915 INFO Saved checkpoint data/retrieval/benchmark_data/oax_benchmark_data.jsonl.checkpoint (29200 processed)
2026-02-23 08:44:28,453 INFO Saved checkpoint data/retrieval/benchmark_data/oax_benchmark_data.jsonl.checkpoint (29250 processed)
2026-02-23 08:44:29,937 INFO Saved checkpoint data/retrieval/benchmark_data/oax_benchmark_data.jsonl.checkpoint (29300 processed)
2026-02-23 08:44:31,240 INFO Saved checkpoint data/retrieval/benchmark_data/oax_benchmark_data.jsonl.checkpoint (29350 processed)
2026-02-23 08:44:32,617 INFO Saved checkpoint data/retrieval/benchmark_data/oax_benchmark_data.jsonl.checkpoint (29400 processed)
2026-02-23 08:44:33,988 INFO Saved checkpoint data/retrieval/benchmark_data/oax_benchmark_data.jsonl.checkpoint (29450 processed)
2026-02-23 08:44:35,559 INFO Saved checkpoint data/retrieval/benchmark_data/oax_benchmark_data.jsonl.checkpoint (29500 processed)
2026-02-23 08:44:37,079 INFO Saved checkpoint data/retrieval/benchmark_data/oax_benchmark_data.jsonl.checkpoint (29550 processed)
2026-02-23 08:44:38,494 INFO Saved checkpoint data/retrieval/benchmark_data/oax_benchmark_data.jsonl.checkpoint (29600 processed)
2026-02-23 08:44:39,906 INFO Saved checkpoint data/retrieval/benchmark_data/oax_benchmark_data.jsonl.checkpoint (29650 processed)
2026-02-23 08:44:41,628 INFO Saved checkpoint data/retrieval/benchmark_data/oax_benchmark_data.jsonl.checkpoint (29700 processed)
2026-02-23 08:44:43,165 INFO Saved checkpoint data/retrieval/benchmark_data/oax_benchmark_data.jsonl.checkpoint (29750 processed)
2026-02-23 08:44:44,815 INFO Saved checkpoint data/retrieval/benchmark_data/oax_benchmark_data.jsonl.checkpoint (29800 processed)
2026-02-23 08:44:46,104 INFO Saved checkpoint data/retrieval/benchmark_data/oax_benchmark_data.jsonl.checkpoint (29850 processed)
2026-02-23 08:44:47,612 INFO Saved checkpoint data/retrieval/benchmark_data/oax_benchmark_data.jsonl.checkpoint (29900 processed)
2026-02-23 08:44:48,925 INFO Saved checkpoint data/retrieval/benchmark_data/oax_benchmark_data.jsonl.checkpoint (29950 processed)
2026-02-23 08:44:50,987 INFO Saved checkpoint data/retrieval/benchmark_data/oax_benchmark_data.jsonl.checkpoint (30000 processed)
2026-02-23 08:44:52,656 INFO Saved checkpoint data/retrieval/benchmark_data/oax_benchmark_data.jsonl.checkpoint (30050 processed)
2026-02-23 08:44:54,389 INFO Saved checkpoint data/retrieval/benchmark_data/oax_benchmark_data.jsonl.checkpoint (30100 processed)
2026-02-23 08:44:55,923 INFO Saved checkpoint data/retrieval/benchmark_data/oax_benchmark_data.jsonl.checkpoint (30150 processed)
2026-02-23 08:44:57,406 INFO Saved checkpoint data/retrieval/benchmark_data/oax_benchmark_data.jsonl.checkpoint (30200 processed)
2026-02-23 08:44:58,794 INFO Saved checkpoint data/retrieval/benchmark_data/oax_benchmark_data.jsonl.checkpoint (30250 processed)
2026-02-23 08:45:00,183 INFO Saved checkpoint data/retrieval/benchmark_data/oax_benchmark_data.jsonl.checkpoint (30300 processed)
2026-02-23 08:45:01,663 INFO Saved checkpoint data/retrieval/benchmark_data/oax_benchmark_data.jsonl.checkpoint (30350 processed)
2026-02-23 08:45:03,143 INFO Saved checkpoint data/retrieval/benchmark_data/oax_benchmark_data.jsonl.checkpoint (30400 processed)
2026-02-23 08:45:04,610 INFO Saved checkpoint data/retrieval/benchmark_data/oax_benchmark_data.jsonl.checkpoint (30450 processed)
2026-02-23 08:45:06,216 INFO Saved checkpoint data/retrieval/benchmark_data/oax_benchmark_data.jsonl.checkpoint (30500 processed)
2026-02-23 08:45:07,678 INFO Saved checkpoint data/retrieval/benchmark_data/oax_benchmark_data.jsonl.checkpoint (30550 processed)
2026-02-23 08:45:09,104 INFO Saved checkpoint data/retrieval/benchmark_data/oax_benchmark_data.jsonl.checkpoint (30600 processed)
2026-02-23 08:45:10,595 INFO Saved checkpoint data/retrieval/benchmark_data/oax_benchmark_data.jsonl.checkpoint (30650 processed)
2026-02-23 08:45:12,491 INFO Saved checkpoint data/retrieval/benchmark_data/oax_benchmark_data.jsonl.checkpoint (30700 processed)
2026-02-23 08:45:14,095 INFO Saved checkpoint data/retrieval/benchmark_data/oax_benchmark_data.jsonl.checkpoint (30750 processed)
2026-02-23 08:45:15,393 INFO Saved checkpoint data/retrieval/benchmark_data/oax_benchmark_data.jsonl.checkpoint (30800 processed)
2026-02-23 08:45:16,726 INFO Saved checkpoint data/retrieval/benchmark_data/oax_benchmark_data.jsonl.checkpoint (30850 processed)
2026-02-23 08:45:18,370 INFO Saved checkpoint data/retrieval/benchmark_data/oax_benchmark_data.jsonl.checkpoint (30900 processed)
2026-02-23 08:45:19,971 INFO Saved checkpoint data/retrieval/benchmark_data/oax_benchmark_data.jsonl.checkpoint (30950 processed)
2026-02-23 08:45:21,856 INFO Saved checkpoint data/retrieval/benchmark_data/oax_benchmark_data.jsonl.checkpoint (31000 processed)
2026-02-23 08:45:23,320 INFO Saved checkpoint data/retrieval/benchmark_data/oax_benchmark_data.jsonl.checkpoint (31050 processed)
2026-02-23 08:45:24,722 INFO Saved checkpoint data/retrieval/benchmark_data/oax_benchmark_data.jsonl.checkpoint (31100 processed)
2026-02-23 08:45:26,257 INFO Saved checkpoint data/retrieval/benchmark_data/oax_benchmark_data.jsonl.checkpoint (31150 processed)
2026-02-23 08:45:28,214 INFO Saved checkpoint data/retrieval/benchmark_data/oax_benchmark_data.jsonl.checkpoint (31200 processed)
2026-02-23 08:45:29,651 INFO Saved checkpoint data/retrieval/benchmark_data/oax_benchmark_data.jsonl.checkpoint (31250 processed)
2026-02-23 08:45:31,146 INFO Saved checkpoint data/retrieval/benchmark_data/oax_benchmark_data.jsonl.checkpoint (31300 processed)
2026-02-23 08:45:32,528 INFO Saved checkpoint data/retrieval/benchmark_data/oax_benchmark_data.jsonl.checkpoint (31350 processed)
2026-02-23 08:45:33,677 INFO Saved checkpoint data/retrieval/benchmark_data/oax_benchmark_data.jsonl.checkpoint (31400 processed)
2026-02-23 08:45:35,292 INFO Saved checkpoint data/retrieval/benchmark_data/oax_benchmark_data.jsonl.checkpoint (31450 processed)
2026-02-23 08:45:36,913 INFO Saved checkpoint data/retrieval/benchmark_data/oax_benchmark_data.jsonl.checkpoint (31500 processed)
2026-02-23 08:45:38,433 INFO Saved checkpoint data/retrieval/benchmark_data/oax_benchmark_data.jsonl.checkpoint (31550 processed)
2026-02-23 08:45:40,040 INFO Saved checkpoint data/retrieval/benchmark_data/oax_benchmark_data.jsonl.checkpoint (31600 processed)
2026-02-23 08:45:41,969 INFO Saved checkpoint data/retrieval/benchmark_data/oax_benchmark_data.jsonl.checkpoint (31650 processed)
2026-02-23 08:45:43,439 INFO Saved checkpoint data/retrieval/benchmark_data/oax_benchmark_data.jsonl.checkpoint (31700 processed)
2026-02-23 08:45:44,975 INFO Saved checkpoint data/retrieval/benchmark_data/oax_benchmark_data.jsonl.checkpoint (31750 processed)
2026-02-23 08:45:46,433 INFO Saved checkpoint data/retrieval/benchmark_data/oax_benchmark_data.jsonl.checkpoint (31800 processed)
2026-02-23 08:45:48,051 INFO Saved checkpoint data/retrieval/benchmark_data/oax_benchmark_data.jsonl.checkpoint (31850 processed)
2026-02-23 08:45:49,625 INFO Saved checkpoint data/retrieval/benchmark_data/oax_benchmark_data.jsonl.checkpoint (31900 processed)
2026-02-23 08:45:51,212 INFO Saved checkpoint data/retrieval/benchmark_data/oax_benchmark_data.jsonl.checkpoint (31950 processed)
2026-02-23 08:45:52,805 INFO Saved checkpoint data/retrieval/benchmark_data/oax_benchmark_data.jsonl.checkpoint (32000 processed)
2026-02-23 08:45:54,404 INFO Saved checkpoint data/retrieval/benchmark_data/oax_benchmark_data.jsonl.checkpoint (32050 processed)
2026-02-23 08:45:55,373 INFO Saved checkpoint data/retrieval/benchmark_data/oax_benchmark_data.jsonl.checkpoint (32100 processed)
2026-02-23 08:45:56,751 INFO Saved checkpoint data/retrieval/benchmark_data/oax_benchmark_data.jsonl.checkpoint (32150 processed)
2026-02-23 08:45:58,112 INFO Saved checkpoint data/retrieval/benchmark_data/oax_benchmark_data.jsonl.checkpoint (32200 processed)
2026-02-23 08:45:59,631 INFO Saved checkpoint data/retrieval/benchmark_data/oax_benchmark_data.jsonl.checkpoint (32250 processed)
2026-02-23 08:46:01,091 INFO Saved checkpoint data/retrieval/benchmark_data/oax_benchmark_data.jsonl.checkpoint (32300 processed)
2026-02-23 08:46:02,439 INFO Saved checkpoint data/retrieval/benchmark_data/oax_benchmark_data.jsonl.checkpoint (32350 processed)
2026-02-23 08:46:03,495 INFO Saved checkpoint data/retrieval/benchmark_data/oax_benchmark_data.jsonl.checkpoint (32400 processed)
2026-02-23 08:46:04,940 INFO Saved checkpoint data/retrieval/benchmark_data/oax_benchmark_data.jsonl.checkpoint (32450 processed)
2026-02-23 08:46:06,240 INFO Saved checkpoint data/retrieval/benchmark_data/oax_benchmark_data.jsonl.checkpoint (32500 processed)
2026-02-23 08:46:07,785 INFO Saved checkpoint data/retrieval/benchmark_data/oax_benchmark_data.jsonl.checkpoint (32550 processed)
2026-02-23 08:46:09,635 INFO Saved checkpoint data/retrieval/benchmark_data/oax_benchmark_data.jsonl.checkpoint (32600 processed)
2026-02-23 08:46:11,770 INFO Saved checkpoint data/retrieval/benchmark_data/oax_benchmark_data.jsonl.checkpoint (32650 processed)
2026-02-23 08:46:13,047 INFO Saved checkpoint data/retrieval/benchmark_data/oax_benchmark_data.jsonl.checkpoint (32700 processed)
2026-02-23 08:46:14,641 INFO Saved checkpoint data/retrieval/benchmark_data/oax_benchmark_data.jsonl.checkpoint (32750 processed)
2026-02-23 08:46:16,091 INFO Saved checkpoint data/retrieval/benchmark_data/oax_benchmark_data.jsonl.checkpoint (32800 processed)
2026-02-23 08:46:17,607 INFO Saved checkpoint data/retrieval/benchmark_data/oax_benchmark_data.jsonl.checkpoint (32850 processed)
2026-02-23 08:46:19,914 INFO Saved checkpoint data/retrieval/benchmark_data/oax_benchmark_data.jsonl.checkpoint (32900 processed)
2026-02-23 08:46:21,516 INFO Saved checkpoint data/retrieval/benchmark_data/oax_benchmark_data.jsonl.checkpoint (32950 processed)
2026-02-23 08:46:23,402 INFO Saved checkpoint data/retrieval/benchmark_data/oax_benchmark_data.jsonl.checkpoint (33000 processed)
2026-02-23 08:46:25,031 INFO Saved checkpoint data/retrieval/benchmark_data/oax_benchmark_data.jsonl.checkpoint (33050 processed)
2026-02-23 08:46:26,541 INFO Saved checkpoint data/retrieval/benchmark_data/oax_benchmark_data.jsonl.checkpoint (33100 processed)
2026-02-23 08:46:28,330 INFO Saved checkpoint data/retrieval/benchmark_data/oax_benchmark_data.jsonl.checkpoint (33150 processed)
2026-02-23 08:46:29,833 INFO Saved checkpoint data/retrieval/benchmark_data/oax_benchmark_data.jsonl.checkpoint (33200 processed)
2026-02-23 08:46:31,519 INFO Saved checkpoint data/retrieval/benchmark_data/oax_benchmark_data.jsonl.checkpoint (33250 processed)
2026-02-23 08:46:33,009 INFO Saved checkpoint data/retrieval/benchmark_data/oax_benchmark_data.jsonl.checkpoint (33300 processed)
2026-02-23 08:46:34,417 INFO Saved checkpoint data/retrieval/benchmark_data/oax_benchmark_data.jsonl.checkpoint (33350 processed)
2026-02-23 08:46:35,695 INFO Saved checkpoint data/retrieval/benchmark_data/oax_benchmark_data.jsonl.checkpoint (33400 processed)
2026-02-23 08:46:37,154 INFO Saved checkpoint data/retrieval/benchmark_data/oax_benchmark_data.jsonl.checkpoint (33450 processed)
2026-02-23 08:46:38,577 INFO Saved checkpoint data/retrieval/benchmark_data/oax_benchmark_data.jsonl.checkpoint (33500 processed)
2026-02-23 08:46:40,189 INFO Saved checkpoint data/retrieval/benchmark_data/oax_benchmark_data.jsonl.checkpoint (33550 processed)
2026-02-23 08:46:41,558 INFO Saved checkpoint data/retrieval/benchmark_data/oax_benchmark_data.jsonl.checkpoint (33600 processed)
2026-02-23 08:46:43,077 INFO Saved checkpoint data/retrieval/benchmark_data/oax_benchmark_data.jsonl.checkpoint (33650 processed)
2026-02-23 08:46:46,923 INFO Saved checkpoint data/retrieval/benchmark_data/oax_benchmark_data.jsonl.checkpoint (33700 processed)
2026-02-23 08:46:48,386 INFO Saved checkpoint data/retrieval/benchmark_data/oax_benchmark_data.jsonl.checkpoint (33750 processed)
2026-02-23 08:46:49,723 INFO Saved checkpoint data/retrieval/benchmark_data/oax_benchmark_data.jsonl.checkpoint (33800 processed)
2026-02-23 08:46:51,178 INFO Saved checkpoint data/retrieval/benchmark_data/oax_benchmark_data.jsonl.checkpoint (33850 processed)
2026-02-23 08:46:52,717 INFO Saved checkpoint data/retrieval/benchmark_data/oax_benchmark_data.jsonl.checkpoint (33900 processed)
2026-02-23 08:46:54,238 INFO Saved checkpoint data/retrieval/benchmark_data/oax_benchmark_data.jsonl.checkpoint (33950 processed)
2026-02-23 08:46:55,763 INFO Saved checkpoint data/retrieval/benchmark_data/oax_benchmark_data.jsonl.checkpoint (34000 processed)
2026-02-23 08:46:57,529 INFO Saved checkpoint data/retrieval/benchmark_data/oax_benchmark_data.jsonl.checkpoint (34050 processed)
2026-02-23 08:46:59,157 INFO Saved checkpoint data/retrieval/benchmark_data/oax_benchmark_data.jsonl.checkpoint (34100 processed)
2026-02-23 08:47:00,809 INFO Saved checkpoint data/retrieval/benchmark_data/oax_benchmark_data.jsonl.checkpoint (34150 processed)
2026-02-23 08:47:02,301 INFO Saved checkpoint data/retrieval/benchmark_data/oax_benchmark_data.jsonl.checkpoint (34200 processed)
2026-02-23 08:47:03,896 INFO Saved checkpoint data/retrieval/benchmark_data/oax_benchmark_data.jsonl.checkpoint (34250 processed)
2026-02-23 08:47:05,413 INFO Saved checkpoint data/retrieval/benchmark_data/oax_benchmark_data.jsonl.checkpoint (34300 processed)
2026-02-23 08:47:06,919 INFO Saved checkpoint data/retrieval/benchmark_data/oax_benchmark_data.jsonl.checkpoint (34350 processed)
2026-02-23 08:47:07,941 INFO Saved checkpoint data/retrieval/benchmark_data/oax_benchmark_data.jsonl.checkpoint (34400 processed)
2026-02-23 08:47:09,666 INFO Saved checkpoint data/retrieval/benchmark_data/oax_benchmark_data.jsonl.checkpoint (34450 processed)
2026-02-23 08:47:11,515 INFO Saved checkpoint data/retrieval/benchmark_data/oax_benchmark_data.jsonl.checkpoint (34500 processed)
2026-02-23 08:47:13,150 INFO Saved checkpoint data/retrieval/benchmark_data/oax_benchmark_data.jsonl.checkpoint (34550 processed)
2026-02-23 08:47:14,861 INFO Saved checkpoint data/retrieval/benchmark_data/oax_benchmark_data.jsonl.checkpoint (34600 processed)
2026-02-23 08:47:16,457 INFO Saved checkpoint data/retrieval/benchmark_data/oax_benchmark_data.jsonl.checkpoint (34650 processed)
2026-02-23 08:47:17,920 INFO Saved checkpoint data/retrieval/benchmark_data/oax_benchmark_data.jsonl.checkpoint (34700 processed)
2026-02-23 08:47:19,684 INFO Saved checkpoint data/retrieval/benchmark_data/oax_benchmark_data.jsonl.checkpoint (34750 processed)
2026-02-23 08:47:21,144 INFO Saved checkpoint data/retrieval/benchmark_data/oax_benchmark_data.jsonl.checkpoint (34800 processed)
2026-02-23 08:47:26,402 INFO Saved checkpoint data/retrieval/benchmark_data/oax_benchmark_data.jsonl.checkpoint (34850 processed)
2026-02-23 08:47:27,800 INFO Saved checkpoint data/retrieval/benchmark_data/oax_benchmark_data.jsonl.checkpoint (34900 processed)
2026-02-23 08:47:29,234 INFO Saved checkpoint data/retrieval/benchmark_data/oax_benchmark_data.jsonl.checkpoint (34950 processed)
2026-02-23 08:47:30,640 INFO Saved checkpoint data/retrieval/benchmark_data/oax_benchmark_data.jsonl.checkpoint (35000 processed)
2026-02-23 08:47:32,455 INFO Saved checkpoint data/retrieval/benchmark_data/oax_benchmark_data.jsonl.checkpoint (35050 processed)
2026-02-23 08:47:34,070 INFO Saved checkpoint data/retrieval/benchmark_data/oax_benchmark_data.jsonl.checkpoint (35100 processed)
2026-02-23 08:47:35,522 INFO Saved checkpoint data/retrieval/benchmark_data/oax_benchmark_data.jsonl.checkpoint (35150 processed)
2026-02-23 08:47:37,085 INFO Saved checkpoint data/retrieval/benchmark_data/oax_benchmark_data.jsonl.checkpoint (35200 processed)
2026-02-23 08:47:38,802 INFO Saved checkpoint data/retrieval/benchmark_data/oax_benchmark_data.jsonl.checkpoint (35250 processed)
2026-02-23 08:47:40,442 INFO Saved checkpoint data/retrieval/benchmark_data/oax_benchmark_data.jsonl.checkpoint (35300 processed)
2026-02-23 08:47:41,974 INFO Saved checkpoint data/retrieval/benchmark_data/oax_benchmark_data.jsonl.checkpoint (35350 processed)
2026-02-23 08:47:43,550 INFO Saved checkpoint data/retrieval/benchmark_data/oax_benchmark_data.jsonl.checkpoint (35400 processed)
2026-02-23 08:47:45,074 INFO Saved checkpoint data/retrieval/benchmark_data/oax_benchmark_data.jsonl.checkpoint (35450 processed)
2026-02-23 08:47:46,465 INFO Saved checkpoint data/retrieval/benchmark_data/oax_benchmark_data.jsonl.checkpoint (35500 processed)
2026-02-23 08:47:47,821 INFO Saved checkpoint data/retrieval/benchmark_data/oax_benchmark_data.jsonl.checkpoint (35550 processed)
2026-02-23 08:47:51,276 INFO Saved checkpoint data/retrieval/benchmark_data/oax_benchmark_data.jsonl.checkpoint (35600 processed)
2026-02-23 08:47:53,041 INFO Saved checkpoint data/retrieval/benchmark_data/oax_benchmark_data.jsonl.checkpoint (35650 processed)
2026-02-23 08:47:54,574 INFO Saved checkpoint data/retrieval/benchmark_data/oax_benchmark_data.jsonl.checkpoint (35700 processed)
2026-02-23 08:47:56,170 INFO Saved checkpoint data/retrieval/benchmark_data/oax_benchmark_data.jsonl.checkpoint (35750 processed)
2026-02-23 08:47:57,858 INFO Saved checkpoint data/retrieval/benchmark_data/oax_benchmark_data.jsonl.checkpoint (35800 processed)
2026-02-23 08:47:59,494 INFO Saved checkpoint data/retrieval/benchmark_data/oax_benchmark_data.jsonl.checkpoint (35850 processed)
2026-02-23 08:48:00,939 INFO Saved checkpoint data/retrieval/benchmark_data/oax_benchmark_data.jsonl.checkpoint (35900 processed)
2026-02-23 08:48:02,528 INFO Saved checkpoint data/retrieval/benchmark_data/oax_benchmark_data.jsonl.checkpoint (35950 processed)
2026-02-23 08:48:04,026 INFO Saved checkpoint data/retrieval/benchmark_data/oax_benchmark_data.jsonl.checkpoint (36000 processed)
2026-02-23 08:48:06,315 INFO Saved checkpoint data/retrieval/benchmark_data/oax_benchmark_data.jsonl.checkpoint (36050 processed)
2026-02-23 08:48:07,888 INFO Saved checkpoint data/retrieval/benchmark_data/oax_benchmark_data.jsonl.checkpoint (36100 processed)
2026-02-23 08:48:09,542 INFO Saved checkpoint data/retrieval/benchmark_data/oax_benchmark_data.jsonl.checkpoint (36150 processed)
2026-02-23 08:48:11,590 INFO Saved checkpoint data/retrieval/benchmark_data/oax_benchmark_data.jsonl.checkpoint (36200 processed)
2026-02-23 08:48:13,582 INFO Saved checkpoint data/retrieval/benchmark_data/oax_benchmark_data.jsonl.checkpoint (36250 processed)
2026-02-23 08:48:15,015 INFO Saved checkpoint data/retrieval/benchmark_data/oax_benchmark_data.jsonl.checkpoint (36300 processed)
2026-02-23 08:48:17,080 INFO Saved checkpoint data/retrieval/benchmark_data/oax_benchmark_data.jsonl.checkpoint (36350 processed)
2026-02-23 08:48:18,747 INFO Saved checkpoint data/retrieval/benchmark_data/oax_benchmark_data.jsonl.checkpoint (36400 processed)
2026-02-23 08:48:20,406 INFO Saved checkpoint data/retrieval/benchmark_data/oax_benchmark_data.jsonl.checkpoint (36450 processed)
2026-02-23 08:48:21,924 INFO Saved checkpoint data/retrieval/benchmark_data/oax_benchmark_data.jsonl.checkpoint (36500 processed)
2026-02-23 08:48:23,487 INFO Saved checkpoint data/retrieval/benchmark_data/oax_benchmark_data.jsonl.checkpoint (36550 processed)
2026-02-23 08:48:25,718 INFO Saved checkpoint data/retrieval/benchmark_data/oax_benchmark_data.jsonl.checkpoint (36600 processed)
2026-02-23 08:48:27,286 INFO Saved checkpoint data/retrieval/benchmark_data/oax_benchmark_data.jsonl.checkpoint (36650 processed)
2026-02-23 08:48:28,860 INFO Saved checkpoint data/retrieval/benchmark_data/oax_benchmark_data.jsonl.checkpoint (36700 processed)
2026-02-23 08:48:30,349 INFO Saved checkpoint data/retrieval/benchmark_data/oax_benchmark_data.jsonl.checkpoint (36750 processed)
2026-02-23 08:48:31,892 INFO Saved checkpoint data/retrieval/benchmark_data/oax_benchmark_data.jsonl.checkpoint (36800 processed)
2026-02-23 08:48:33,317 INFO Saved checkpoint data/retrieval/benchmark_data/oax_benchmark_data.jsonl.checkpoint (36850 processed)
2026-02-23 08:48:34,706 INFO Saved checkpoint data/retrieval/benchmark_data/oax_benchmark_data.jsonl.checkpoint (36900 processed)
2026-02-23 08:48:36,299 INFO Saved checkpoint data/retrieval/benchmark_data/oax_benchmark_data.jsonl.checkpoint (36950 processed)
2026-02-23 08:48:37,997 INFO Saved checkpoint data/retrieval/benchmark_data/oax_benchmark_data.jsonl.checkpoint (37000 processed)
2026-02-23 08:48:39,576 INFO Saved checkpoint data/retrieval/benchmark_data/oax_benchmark_data.jsonl.checkpoint (37050 processed)
2026-02-23 08:48:41,581 INFO Saved checkpoint data/retrieval/benchmark_data/oax_benchmark_data.jsonl.checkpoint (37100 processed)
2026-02-23 08:48:43,051 INFO Saved checkpoint data/retrieval/benchmark_data/oax_benchmark_data.jsonl.checkpoint (37150 processed)
2026-02-23 08:48:44,732 INFO Saved checkpoint data/retrieval/benchmark_data/oax_benchmark_data.jsonl.checkpoint (37200 processed)
2026-02-23 08:48:46,213 INFO Saved checkpoint data/retrieval/benchmark_data/oax_benchmark_data.jsonl.checkpoint (37250 processed)
2026-02-23 08:48:47,793 INFO Saved checkpoint data/retrieval/benchmark_data/oax_benchmark_data.jsonl.checkpoint (37300 processed)
2026-02-23 08:48:49,171 INFO Saved checkpoint data/retrieval/benchmark_data/oax_benchmark_data.jsonl.checkpoint (37350 processed)
2026-02-23 08:48:50,578 INFO Saved checkpoint data/retrieval/benchmark_data/oax_benchmark_data.jsonl.checkpoint (37400 processed)
2026-02-23 08:48:52,858 INFO Saved checkpoint data/retrieval/benchmark_data/oax_benchmark_data.jsonl.checkpoint (37450 processed)
2026-02-23 08:48:54,510 INFO Saved checkpoint data/retrieval/benchmark_data/oax_benchmark_data.jsonl.checkpoint (37500 processed)
2026-02-23 08:48:56,088 INFO Saved checkpoint data/retrieval/benchmark_data/oax_benchmark_data.jsonl.checkpoint (37550 processed)
2026-02-23 08:48:58,048 INFO Saved checkpoint data/retrieval/benchmark_data/oax_benchmark_data.jsonl.checkpoint (37600 processed)
2026-02-23 08:48:59,427 INFO Saved checkpoint data/retrieval/benchmark_data/oax_benchmark_data.jsonl.checkpoint (37650 processed)
2026-02-23 08:49:00,962 INFO Saved checkpoint data/retrieval/benchmark_data/oax_benchmark_data.jsonl.checkpoint (37700 processed)
2026-02-23 08:49:02,373 INFO Saved checkpoint data/retrieval/benchmark_data/oax_benchmark_data.jsonl.checkpoint (37750 processed)
2026-02-23 08:49:03,944 INFO Saved checkpoint data/retrieval/benchmark_data/oax_benchmark_data.jsonl.checkpoint (37800 processed)
2026-02-23 08:49:05,594 INFO Saved checkpoint data/retrieval/benchmark_data/oax_benchmark_data.jsonl.checkpoint (37850 processed)
2026-02-23 08:49:07,241 INFO Saved checkpoint data/retrieval/benchmark_data/oax_benchmark_data.jsonl.checkpoint (37900 processed)
2026-02-23 08:49:08,923 INFO Saved checkpoint data/retrieval/benchmark_data/oax_benchmark_data.jsonl.checkpoint (37950 processed)
2026-02-23 08:49:10,443 INFO Saved checkpoint data/retrieval/benchmark_data/oax_benchmark_data.jsonl.checkpoint (38000 processed)
2026-02-23 08:49:12,420 INFO Saved checkpoint data/retrieval/benchmark_data/oax_benchmark_data.jsonl.checkpoint (38050 processed)
2026-02-23 08:49:13,932 INFO Saved checkpoint data/retrieval/benchmark_data/oax_benchmark_data.jsonl.checkpoint (38100 processed)
2026-02-23 08:49:15,406 INFO Saved checkpoint data/retrieval/benchmark_data/oax_benchmark_data.jsonl.checkpoint (38150 processed)
2026-02-23 08:49:16,913 INFO Saved checkpoint data/retrieval/benchmark_data/oax_benchmark_data.jsonl.checkpoint (38200 processed)
2026-02-23 08:49:18,764 INFO Saved checkpoint data/retrieval/benchmark_data/oax_benchmark_data.jsonl.checkpoint (38250 processed)
2026-02-23 08:49:21,267 INFO Saved checkpoint data/retrieval/benchmark_data/oax_benchmark_data.jsonl.checkpoint (38300 processed)
2026-02-23 08:49:22,763 INFO Saved checkpoint data/retrieval/benchmark_data/oax_benchmark_data.jsonl.checkpoint (38350 processed)
2026-02-23 08:49:24,317 INFO Saved checkpoint data/retrieval/benchmark_data/oax_benchmark_data.jsonl.checkpoint (38400 processed)
2026-02-23 08:49:25,852 INFO Saved checkpoint data/retrieval/benchmark_data/oax_benchmark_data.jsonl.checkpoint (38450 processed)
2026-02-23 08:49:27,401 INFO Saved checkpoint data/retrieval/benchmark_data/oax_benchmark_data.jsonl.checkpoint (38500 processed)
2026-02-23 08:49:28,983 INFO Saved checkpoint data/retrieval/benchmark_data/oax_benchmark_data.jsonl.checkpoint (38550 processed)
2026-02-23 08:49:30,347 INFO Saved checkpoint data/retrieval/benchmark_data/oax_benchmark_data.jsonl.checkpoint (38600 processed)
2026-02-23 08:49:31,824 INFO Saved checkpoint data/retrieval/benchmark_data/oax_benchmark_data.jsonl.checkpoint (38650 processed)
2026-02-23 08:49:33,386 INFO Saved checkpoint data/retrieval/benchmark_data/oax_benchmark_data.jsonl.checkpoint (38700 processed)
2026-02-23 08:49:34,745 INFO Saved checkpoint data/retrieval/benchmark_data/oax_benchmark_data.jsonl.checkpoint (38750 processed)
2026-02-23 08:49:36,181 INFO Saved checkpoint data/retrieval/benchmark_data/oax_benchmark_data.jsonl.checkpoint (38800 processed)
2026-02-23 08:49:37,787 INFO Saved checkpoint data/retrieval/benchmark_data/oax_benchmark_data.jsonl.checkpoint (38850 processed)
2026-02-23 08:49:39,397 INFO Saved checkpoint data/retrieval/benchmark_data/oax_benchmark_data.jsonl.checkpoint (38900 processed)
2026-02-23 08:49:40,771 INFO Saved checkpoint data/retrieval/benchmark_data/oax_benchmark_data.jsonl.checkpoint (38950 processed)
2026-02-23 08:49:42,254 INFO Saved checkpoint data/retrieval/benchmark_data/oax_benchmark_data.jsonl.checkpoint (39000 processed)
2026-02-23 08:49:44,345 INFO Saved checkpoint data/retrieval/benchmark_data/oax_benchmark_data.jsonl.checkpoint (39050 processed)
2026-02-23 08:49:45,903 INFO Saved checkpoint data/retrieval/benchmark_data/oax_benchmark_data.jsonl.checkpoint (39100 processed)
2026-02-23 08:49:47,376 INFO Saved checkpoint data/retrieval/benchmark_data/oax_benchmark_data.jsonl.checkpoint (39150 processed)
2026-02-23 08:49:48,823 INFO Saved checkpoint data/retrieval/benchmark_data/oax_benchmark_data.jsonl.checkpoint (39200 processed)
2026-02-23 08:49:50,405 INFO Saved checkpoint data/retrieval/benchmark_data/oax_benchmark_data.jsonl.checkpoint (39250 processed)
2026-02-23 08:49:51,809 INFO Saved checkpoint data/retrieval/benchmark_data/oax_benchmark_data.jsonl.checkpoint (39300 processed)
2026-02-23 08:49:53,288 INFO Saved checkpoint data/retrieval/benchmark_data/oax_benchmark_data.jsonl.checkpoint (39350 processed)
2026-02-23 08:49:54,858 INFO Saved checkpoint data/retrieval/benchmark_data/oax_benchmark_data.jsonl.checkpoint (39400 processed)
2026-02-23 08:49:56,348 INFO Saved checkpoint data/retrieval/benchmark_data/oax_benchmark_data.jsonl.checkpoint (39450 processed)
2026-02-23 08:49:57,797 INFO Saved checkpoint data/retrieval/benchmark_data/oax_benchmark_data.jsonl.checkpoint (39500 processed)
2026-02-23 08:49:59,394 INFO Saved checkpoint data/retrieval/benchmark_data/oax_benchmark_data.jsonl.checkpoint (39550 processed)
2026-02-23 08:50:01,114 INFO Saved checkpoint data/retrieval/benchmark_data/oax_benchmark_data.jsonl.checkpoint (39600 processed)
2026-02-23 08:50:02,781 INFO Saved checkpoint data/retrieval/benchmark_data/oax_benchmark_data.jsonl.checkpoint (39650 processed)
2026-02-23 08:50:04,268 INFO Saved checkpoint data/retrieval/benchmark_data/oax_benchmark_data.jsonl.checkpoint (39700 processed)
2026-02-23 08:50:06,312 INFO Saved checkpoint data/retrieval/benchmark_data/oax_benchmark_data.jsonl.checkpoint (39750 processed)
2026-02-23 08:50:08,669 INFO Saved checkpoint data/retrieval/benchmark_data/oax_benchmark_data.jsonl.checkpoint (39800 processed)
2026-02-23 08:50:10,464 INFO Saved checkpoint data/retrieval/benchmark_data/oax_benchmark_data.jsonl.checkpoint (39850 processed)
2026-02-23 08:50:12,185 INFO Saved checkpoint data/retrieval/benchmark_data/oax_benchmark_data.jsonl.checkpoint (39900 processed)
2026-02-23 08:50:13,715 INFO Saved checkpoint data/retrieval/benchmark_data/oax_benchmark_data.jsonl.checkpoint (39950 processed)
2026-02-23 08:50:15,169 INFO Saved checkpoint data/retrieval/benchmark_data/oax_benchmark_data.jsonl.checkpoint (40000 processed)
2026-02-23 08:50:16,930 INFO Saved checkpoint data/retrieval/benchmark_data/oax_benchmark_data.jsonl.checkpoint (40050 processed)
2026-02-23 08:50:18,494 INFO Saved checkpoint data/retrieval/benchmark_data/oax_benchmark_data.jsonl.checkpoint (40100 processed)
2026-02-23 08:50:20,445 INFO Saved checkpoint data/retrieval/benchmark_data/oax_benchmark_data.jsonl.checkpoint (40150 processed)
2026-02-23 08:50:22,777 INFO Saved checkpoint data/retrieval/benchmark_data/oax_benchmark_data.jsonl.checkpoint (40200 processed)
2026-02-23 08:50:24,449 INFO Saved checkpoint data/retrieval/benchmark_data/oax_benchmark_data.jsonl.checkpoint (40250 processed)
2026-02-23 08:50:25,904 INFO Saved checkpoint data/retrieval/benchmark_data/oax_benchmark_data.jsonl.checkpoint (40300 processed)
2026-02-23 08:50:27,106 INFO Saved checkpoint data/retrieval/benchmark_data/oax_benchmark_data.jsonl.checkpoint (40350 processed)
2026-02-23 08:50:28,774 INFO Saved checkpoint data/retrieval/benchmark_data/oax_benchmark_data.jsonl.checkpoint (40400 processed)
2026-02-23 08:50:30,591 INFO Saved checkpoint data/retrieval/benchmark_data/oax_benchmark_data.jsonl.checkpoint (40450 processed)
2026-02-23 08:50:32,412 INFO Saved checkpoint data/retrieval/benchmark_data/oax_benchmark_data.jsonl.checkpoint (40500 processed)
2026-02-23 08:50:33,960 INFO Saved checkpoint data/retrieval/benchmark_data/oax_benchmark_data.jsonl.checkpoint (40550 processed)
2026-02-23 08:50:35,711 INFO Saved checkpoint data/retrieval/benchmark_data/oax_benchmark_data.jsonl.checkpoint (40600 processed)
2026-02-23 08:50:37,378 INFO Saved checkpoint data/retrieval/benchmark_data/oax_benchmark_data.jsonl.checkpoint (40650 processed)
2026-02-23 08:50:38,889 INFO Saved checkpoint data/retrieval/benchmark_data/oax_benchmark_data.jsonl.checkpoint (40700 processed)
2026-02-23 08:50:40,447 INFO Saved checkpoint data/retrieval/benchmark_data/oax_benchmark_data.jsonl.checkpoint (40750 processed)
2026-02-23 08:50:41,982 INFO Saved checkpoint data/retrieval/benchmark_data/oax_benchmark_data.jsonl.checkpoint (40800 processed)
2026-02-23 08:50:43,455 INFO Saved checkpoint data/retrieval/benchmark_data/oax_benchmark_data.jsonl.checkpoint (40850 processed)
2026-02-23 08:50:45,086 INFO Saved checkpoint data/retrieval/benchmark_data/oax_benchmark_data.jsonl.checkpoint (40900 processed)
2026-02-23 08:50:47,198 INFO Saved checkpoint data/retrieval/benchmark_data/oax_benchmark_data.jsonl.checkpoint (40950 processed)
2026-02-23 08:50:48,631 INFO Saved checkpoint data/retrieval/benchmark_data/oax_benchmark_data.jsonl.checkpoint (41000 processed)
2026-02-23 08:50:49,737 INFO Saved checkpoint data/retrieval/benchmark_data/oax_benchmark_data.jsonl.checkpoint (41050 processed)
2026-02-23 08:50:51,126 INFO Saved checkpoint data/retrieval/benchmark_data/oax_benchmark_data.jsonl.checkpoint (41100 processed)
2026-02-23 08:50:52,220 INFO Saved checkpoint data/retrieval/benchmark_data/oax_benchmark_data.jsonl.checkpoint (41150 processed)
2026-02-23 08:50:53,685 INFO Saved checkpoint data/retrieval/benchmark_data/oax_benchmark_data.jsonl.checkpoint (41200 processed)
2026-02-23 08:50:55,311 INFO Saved checkpoint data/retrieval/benchmark_data/oax_benchmark_data.jsonl.checkpoint (41250 processed)
2026-02-23 08:50:57,407 INFO Saved checkpoint data/retrieval/benchmark_data/oax_benchmark_data.jsonl.checkpoint (41300 processed)
2026-02-23 08:50:59,226 INFO Saved checkpoint data/retrieval/benchmark_data/oax_benchmark_data.jsonl.checkpoint (41350 processed)
2026-02-23 08:51:00,713 INFO Saved checkpoint data/retrieval/benchmark_data/oax_benchmark_data.jsonl.checkpoint (41400 processed)
2026-02-23 08:51:02,437 INFO Saved checkpoint data/retrieval/benchmark_data/oax_benchmark_data.jsonl.checkpoint (41450 processed)
2026-02-23 08:51:03,947 INFO Saved checkpoint data/retrieval/benchmark_data/oax_benchmark_data.jsonl.checkpoint (41500 processed)
2026-02-23 08:51:05,344 INFO Saved checkpoint data/retrieval/benchmark_data/oax_benchmark_data.jsonl.checkpoint (41550 processed)
2026-02-23 08:51:07,337 INFO Saved checkpoint data/retrieval/benchmark_data/oax_benchmark_data.jsonl.checkpoint (41600 processed)
2026-02-23 08:51:08,792 INFO Saved checkpoint data/retrieval/benchmark_data/oax_benchmark_data.jsonl.checkpoint (41650 processed)
2026-02-23 08:51:10,556 INFO Saved checkpoint data/retrieval/benchmark_data/oax_benchmark_data.jsonl.checkpoint (41700 processed)
2026-02-23 08:51:12,201 INFO Saved checkpoint data/retrieval/benchmark_data/oax_benchmark_data.jsonl.checkpoint (41750 processed)
2026-02-23 08:51:13,565 INFO Saved checkpoint data/retrieval/benchmark_data/oax_benchmark_data.jsonl.checkpoint (41800 processed)
2026-02-23 08:51:15,185 INFO Saved checkpoint data/retrieval/benchmark_data/oax_benchmark_data.jsonl.checkpoint (41850 processed)
2026-02-23 08:51:16,890 INFO Saved checkpoint data/retrieval/benchmark_data/oax_benchmark_data.jsonl.checkpoint (41900 processed)
2026-02-23 08:51:18,280 INFO Saved checkpoint data/retrieval/benchmark_data/oax_benchmark_data.jsonl.checkpoint (41950 processed)
2026-02-23 08:51:19,739 INFO Saved checkpoint data/retrieval/benchmark_data/oax_benchmark_data.jsonl.checkpoint (42000 processed)
2026-02-23 08:51:21,290 INFO Saved checkpoint data/retrieval/benchmark_data/oax_benchmark_data.jsonl.checkpoint (42050 processed)
2026-02-23 08:51:22,893 INFO Saved checkpoint data/retrieval/benchmark_data/oax_benchmark_data.jsonl.checkpoint (42100 processed)
2026-02-23 08:51:24,326 INFO Saved checkpoint data/retrieval/benchmark_data/oax_benchmark_data.jsonl.checkpoint (42150 processed)
2026-02-23 08:51:26,177 INFO Saved checkpoint data/retrieval/benchmark_data/oax_benchmark_data.jsonl.checkpoint (42200 processed)
2026-02-23 08:51:28,031 INFO Saved checkpoint data/retrieval/benchmark_data/oax_benchmark_data.jsonl.checkpoint (42250 processed)
2026-02-23 08:51:29,787 INFO Saved checkpoint data/retrieval/benchmark_data/oax_benchmark_data.jsonl.checkpoint (42300 processed)
2026-02-23 08:51:31,502 INFO Saved checkpoint data/retrieval/benchmark_data/oax_benchmark_data.jsonl.checkpoint (42350 processed)
2026-02-23 08:51:33,149 INFO Saved checkpoint data/retrieval/benchmark_data/oax_benchmark_data.jsonl.checkpoint (42400 processed)
2026-02-23 08:51:34,841 INFO Saved checkpoint data/retrieval/benchmark_data/oax_benchmark_data.jsonl.checkpoint (42450 processed)
2026-02-23 08:51:36,532 INFO Saved checkpoint data/retrieval/benchmark_data/oax_benchmark_data.jsonl.checkpoint (42500 processed)
2026-02-23 08:51:37,908 INFO Saved checkpoint data/retrieval/benchmark_data/oax_benchmark_data.jsonl.checkpoint (42550 processed)
2026-02-23 08:51:39,417 INFO Saved checkpoint data/retrieval/benchmark_data/oax_benchmark_data.jsonl.checkpoint (42600 processed)
2026-02-23 08:51:41,065 INFO Saved checkpoint data/retrieval/benchmark_data/oax_benchmark_data.jsonl.checkpoint (42650 processed)
2026-02-23 08:51:42,812 INFO Saved checkpoint data/retrieval/benchmark_data/oax_benchmark_data.jsonl.checkpoint (42700 processed)
2026-02-23 08:51:45,026 INFO Saved checkpoint data/retrieval/benchmark_data/oax_benchmark_data.jsonl.checkpoint (42750 processed)
2026-02-23 08:51:46,502 INFO Saved checkpoint data/retrieval/benchmark_data/oax_benchmark_data.jsonl.checkpoint (42800 processed)
2026-02-23 08:51:47,894 INFO Saved checkpoint data/retrieval/benchmark_data/oax_benchmark_data.jsonl.checkpoint (42850 processed)
2026-02-23 08:51:49,571 INFO Saved checkpoint data/retrieval/benchmark_data/oax_benchmark_data.jsonl.checkpoint (42900 processed)
2026-02-23 08:51:50,999 INFO Saved checkpoint data/retrieval/benchmark_data/oax_benchmark_data.jsonl.checkpoint (42950 processed)
2026-02-23 08:51:52,686 INFO Saved checkpoint data/retrieval/benchmark_data/oax_benchmark_data.jsonl.checkpoint (43000 processed)
2026-02-23 08:51:54,220 INFO Saved checkpoint data/retrieval/benchmark_data/oax_benchmark_data.jsonl.checkpoint (43050 processed)
2026-02-23 08:51:55,869 INFO Saved checkpoint data/retrieval/benchmark_data/oax_benchmark_data.jsonl.checkpoint (43100 processed)
2026-02-23 08:51:57,460 INFO Saved checkpoint data/retrieval/benchmark_data/oax_benchmark_data.jsonl.checkpoint (43150 processed)
2026-02-23 08:51:59,151 INFO Saved checkpoint data/retrieval/benchmark_data/oax_benchmark_data.jsonl.checkpoint (43200 processed)
2026-02-23 08:52:00,860 INFO Saved checkpoint data/retrieval/benchmark_data/oax_benchmark_data.jsonl.checkpoint (43250 processed)
2026-02-23 08:52:02,317 INFO Saved checkpoint data/retrieval/benchmark_data/oax_benchmark_data.jsonl.checkpoint (43300 processed)
2026-02-23 08:52:03,638 INFO Saved checkpoint data/retrieval/benchmark_data/oax_benchmark_data.jsonl.checkpoint (43350 processed)
2026-02-23 08:52:05,217 INFO Saved checkpoint data/retrieval/benchmark_data/oax_benchmark_data.jsonl.checkpoint (43400 processed)
2026-02-23 08:52:06,771 INFO Saved checkpoint data/retrieval/benchmark_data/oax_benchmark_data.jsonl.checkpoint (43450 processed)
2026-02-23 08:52:08,643 INFO Saved checkpoint data/retrieval/benchmark_data/oax_benchmark_data.jsonl.checkpoint (43500 processed)
2026-02-23 08:52:10,535 INFO Saved checkpoint data/retrieval/benchmark_data/oax_benchmark_data.jsonl.checkpoint (43550 processed)
2026-02-23 08:52:12,177 INFO Saved checkpoint data/retrieval/benchmark_data/oax_benchmark_data.jsonl.checkpoint (43600 processed)
2026-02-23 08:52:13,889 INFO Saved checkpoint data/retrieval/benchmark_data/oax_benchmark_data.jsonl.checkpoint (43650 processed)
2026-02-23 08:52:15,554 INFO Saved checkpoint data/retrieval/benchmark_data/oax_benchmark_data.jsonl.checkpoint (43700 processed)
2026-02-23 08:52:17,103 INFO Saved checkpoint data/retrieval/benchmark_data/oax_benchmark_data.jsonl.checkpoint (43750 processed)
2026-02-23 08:52:19,201 INFO Saved checkpoint data/retrieval/benchmark_data/oax_benchmark_data.jsonl.checkpoint (43800 processed)
2026-02-23 08:52:21,207 INFO Saved checkpoint data/retrieval/benchmark_data/oax_benchmark_data.jsonl.checkpoint (43850 processed)
2026-02-23 08:52:22,713 INFO Saved checkpoint data/retrieval/benchmark_data/oax_benchmark_data.jsonl.checkpoint (43900 processed)
2026-02-23 08:52:24,260 INFO Saved checkpoint data/retrieval/benchmark_data/oax_benchmark_data.jsonl.checkpoint (43950 processed)
2026-02-23 08:52:26,160 INFO Saved checkpoint data/retrieval/benchmark_data/oax_benchmark_data.jsonl.checkpoint (44000 processed)
2026-02-23 08:52:27,723 INFO Saved checkpoint data/retrieval/benchmark_data/oax_benchmark_data.jsonl.checkpoint (44050 processed)
2026-02-23 08:52:29,657 INFO Saved checkpoint data/retrieval/benchmark_data/oax_benchmark_data.jsonl.checkpoint (44100 processed)
2026-02-23 08:52:31,221 INFO Saved checkpoint data/retrieval/benchmark_data/oax_benchmark_data.jsonl.checkpoint (44150 processed)
2026-02-23 08:52:32,661 INFO Saved checkpoint data/retrieval/benchmark_data/oax_benchmark_data.jsonl.checkpoint (44200 processed)
2026-02-23 08:52:34,440 INFO Saved checkpoint data/retrieval/benchmark_data/oax_benchmark_data.jsonl.checkpoint (44250 processed)
2026-02-23 08:52:35,885 INFO Saved checkpoint data/retrieval/benchmark_data/oax_benchmark_data.jsonl.checkpoint (44300 processed)
2026-02-23 08:52:37,646 INFO Saved checkpoint data/retrieval/benchmark_data/oax_benchmark_data.jsonl.checkpoint (44350 processed)
2026-02-23 08:52:39,073 INFO Saved checkpoint data/retrieval/benchmark_data/oax_benchmark_data.jsonl.checkpoint (44400 processed)
2026-02-23 08:52:41,101 INFO Saved checkpoint data/retrieval/benchmark_data/oax_benchmark_data.jsonl.checkpoint (44450 processed)
2026-02-23 08:52:42,853 INFO Saved checkpoint data/retrieval/benchmark_data/oax_benchmark_data.jsonl.checkpoint (44500 processed)
2026-02-23 08:52:44,238 INFO Saved checkpoint data/retrieval/benchmark_data/oax_benchmark_data.jsonl.checkpoint (44550 processed)
2026-02-23 08:52:45,740 INFO Saved checkpoint data/retrieval/benchmark_data/oax_benchmark_data.jsonl.checkpoint (44600 processed)
2026-02-23 08:52:47,470 INFO Saved checkpoint data/retrieval/benchmark_data/oax_benchmark_data.jsonl.checkpoint (44650 processed)
2026-02-23 08:52:48,936 INFO Saved checkpoint data/retrieval/benchmark_data/oax_benchmark_data.jsonl.checkpoint (44700 processed)
2026-02-23 08:52:50,284 INFO Saved checkpoint data/retrieval/benchmark_data/oax_benchmark_data.jsonl.checkpoint (44750 processed)
2026-02-23 08:52:51,724 INFO Saved checkpoint data/retrieval/benchmark_data/oax_benchmark_data.jsonl.checkpoint (44800 processed)
2026-02-23 08:52:53,435 INFO Saved checkpoint data/retrieval/benchmark_data/oax_benchmark_data.jsonl.checkpoint (44850 processed)
2026-02-23 08:52:54,944 INFO Saved checkpoint data/retrieval/benchmark_data/oax_benchmark_data.jsonl.checkpoint (44900 processed)
2026-02-23 08:52:56,452 INFO Saved checkpoint data/retrieval/benchmark_data/oax_benchmark_data.jsonl.checkpoint (44950 processed)
2026-02-23 08:52:58,039 INFO Saved checkpoint data/retrieval/benchmark_data/oax_benchmark_data.jsonl.checkpoint (45000 processed)
2026-02-23 08:52:59,512 INFO Saved checkpoint data/retrieval/benchmark_data/oax_benchmark_data.jsonl.checkpoint (45050 processed)
2026-02-23 08:53:02,912 INFO Saved checkpoint data/retrieval/benchmark_data/oax_benchmark_data.jsonl.checkpoint (45100 processed)
2026-02-23 08:53:04,289 INFO Saved checkpoint data/retrieval/benchmark_data/oax_benchmark_data.jsonl.checkpoint (45150 processed)
2026-02-23 08:53:06,795 INFO Saved checkpoint data/retrieval/benchmark_data/oax_benchmark_data.jsonl.checkpoint (45200 processed)
2026-02-23 08:53:08,396 INFO Saved checkpoint data/retrieval/benchmark_data/oax_benchmark_data.jsonl.checkpoint (45250 processed)
2026-02-23 08:53:09,894 INFO Saved checkpoint data/retrieval/benchmark_data/oax_benchmark_data.jsonl.checkpoint (45300 processed)
2026-02-23 08:53:11,536 INFO Saved checkpoint data/retrieval/benchmark_data/oax_benchmark_data.jsonl.checkpoint (45350 processed)
2026-02-23 08:53:13,480 INFO Saved checkpoint data/retrieval/benchmark_data/oax_benchmark_data.jsonl.checkpoint (45400 processed)
2026-02-23 08:53:14,967 INFO Saved checkpoint data/retrieval/benchmark_data/oax_benchmark_data.jsonl.checkpoint (45450 processed)
2026-02-23 08:53:16,608 INFO Saved checkpoint data/retrieval/benchmark_data/oax_benchmark_data.jsonl.checkpoint (45500 processed)
2026-02-23 08:53:18,154 INFO Saved checkpoint data/retrieval/benchmark_data/oax_benchmark_data.jsonl.checkpoint (45550 processed)
2026-02-23 08:53:19,630 INFO Saved checkpoint data/retrieval/benchmark_data/oax_benchmark_data.jsonl.checkpoint (45600 processed)
2026-02-23 08:53:21,171 INFO Saved checkpoint data/retrieval/benchmark_data/oax_benchmark_data.jsonl.checkpoint (45650 processed)
2026-02-23 08:53:22,594 INFO Saved checkpoint data/retrieval/benchmark_data/oax_benchmark_data.jsonl.checkpoint (45700 processed)
2026-02-23 08:53:24,242 INFO Saved checkpoint data/retrieval/benchmark_data/oax_benchmark_data.jsonl.checkpoint (45750 processed)
2026-02-23 08:53:25,350 INFO Saved checkpoint data/retrieval/benchmark_data/oax_benchmark_data.jsonl.checkpoint (45800 processed)
2026-02-23 08:53:26,826 INFO Saved checkpoint data/retrieval/benchmark_data/oax_benchmark_data.jsonl.checkpoint (45850 processed)
2026-02-23 08:53:28,356 INFO Saved checkpoint data/retrieval/benchmark_data/oax_benchmark_data.jsonl.checkpoint (45900 processed)
2026-02-23 08:53:30,119 INFO Saved checkpoint data/retrieval/benchmark_data/oax_benchmark_data.jsonl.checkpoint (45950 processed)
2026-02-23 08:53:31,533 INFO Saved checkpoint data/retrieval/benchmark_data/oax_benchmark_data.jsonl.checkpoint (46000 processed)
2026-02-23 08:53:32,898 INFO Saved checkpoint data/retrieval/benchmark_data/oax_benchmark_data.jsonl.checkpoint (46050 processed)
2026-02-23 08:53:34,300 INFO Saved checkpoint data/retrieval/benchmark_data/oax_benchmark_data.jsonl.checkpoint (46100 processed)
2026-02-23 08:53:35,914 INFO Saved checkpoint data/retrieval/benchmark_data/oax_benchmark_data.jsonl.checkpoint (46150 processed)
2026-02-23 08:53:37,291 INFO Saved checkpoint data/retrieval/benchmark_data/oax_benchmark_data.jsonl.checkpoint (46200 processed)
2026-02-23 08:53:38,730 INFO Saved checkpoint data/retrieval/benchmark_data/oax_benchmark_data.jsonl.checkpoint (46250 processed)
2026-02-23 08:53:40,388 INFO Saved checkpoint data/retrieval/benchmark_data/oax_benchmark_data.jsonl.checkpoint (46300 processed)
2026-02-23 08:53:41,809 INFO Saved checkpoint data/retrieval/benchmark_data/oax_benchmark_data.jsonl.checkpoint (46350 processed)
2026-02-23 08:53:43,494 INFO Saved checkpoint data/retrieval/benchmark_data/oax_benchmark_data.jsonl.checkpoint (46400 processed)
2026-02-23 08:53:44,986 INFO Saved checkpoint data/retrieval/benchmark_data/oax_benchmark_data.jsonl.checkpoint (46450 processed)
2026-02-23 08:53:46,880 INFO Saved checkpoint data/retrieval/benchmark_data/oax_benchmark_data.jsonl.checkpoint (46500 processed)
2026-02-23 08:53:48,491 INFO Saved checkpoint data/retrieval/benchmark_data/oax_benchmark_data.jsonl.checkpoint (46550 processed)
2026-02-23 08:53:49,946 INFO Saved checkpoint data/retrieval/benchmark_data/oax_benchmark_data.jsonl.checkpoint (46600 processed)
2026-02-23 08:53:51,552 INFO Saved checkpoint data/retrieval/benchmark_data/oax_benchmark_data.jsonl.checkpoint (46650 processed)
2026-02-23 08:53:53,188 INFO Saved checkpoint data/retrieval/benchmark_data/oax_benchmark_data.jsonl.checkpoint (46700 processed)
2026-02-23 08:53:55,334 INFO Saved checkpoint data/retrieval/benchmark_data/oax_benchmark_data.jsonl.checkpoint (46750 processed)
2026-02-23 08:53:57,058 INFO Saved checkpoint data/retrieval/benchmark_data/oax_benchmark_data.jsonl.checkpoint (46800 processed)
2026-02-23 08:53:58,621 INFO Saved checkpoint data/retrieval/benchmark_data/oax_benchmark_data.jsonl.checkpoint (46850 processed)
2026-02-23 08:54:00,150 INFO Saved checkpoint data/retrieval/benchmark_data/oax_benchmark_data.jsonl.checkpoint (46900 processed)
2026-02-23 08:54:01,513 INFO Saved checkpoint data/retrieval/benchmark_data/oax_benchmark_data.jsonl.checkpoint (46950 processed)
2026-02-23 08:54:03,178 INFO Saved checkpoint data/retrieval/benchmark_data/oax_benchmark_data.jsonl.checkpoint (47000 processed)
2026-02-23 08:54:04,786 INFO Saved checkpoint data/retrieval/benchmark_data/oax_benchmark_data.jsonl.checkpoint (47050 processed)
2026-02-23 08:54:06,271 INFO Saved checkpoint data/retrieval/benchmark_data/oax_benchmark_data.jsonl.checkpoint (47100 processed)
2026-02-23 08:54:07,798 INFO Saved checkpoint data/retrieval/benchmark_data/oax_benchmark_data.jsonl.checkpoint (47150 processed)
2026-02-23 08:54:09,285 INFO Saved checkpoint data/retrieval/benchmark_data/oax_benchmark_data.jsonl.checkpoint (47200 processed)
2026-02-23 08:54:11,109 INFO Saved checkpoint data/retrieval/benchmark_data/oax_benchmark_data.jsonl.checkpoint (47250 processed)
2026-02-23 08:54:12,857 INFO Saved checkpoint data/retrieval/benchmark_data/oax_benchmark_data.jsonl.checkpoint (47300 processed)
2026-02-23 08:54:14,384 INFO Saved checkpoint data/retrieval/benchmark_data/oax_benchmark_data.jsonl.checkpoint (47350 processed)
2026-02-23 08:54:15,877 INFO Saved checkpoint data/retrieval/benchmark_data/oax_benchmark_data.jsonl.checkpoint (47400 processed)
2026-02-23 08:54:17,150 INFO Saved checkpoint data/retrieval/benchmark_data/oax_benchmark_data.jsonl.checkpoint (47450 processed)
2026-02-23 08:54:18,806 INFO Saved checkpoint data/retrieval/benchmark_data/oax_benchmark_data.jsonl.checkpoint (47500 processed)
2026-02-23 08:54:20,521 INFO Saved checkpoint data/retrieval/benchmark_data/oax_benchmark_data.jsonl.checkpoint (47550 processed)
2026-02-23 08:54:22,059 INFO Saved checkpoint data/retrieval/benchmark_data/oax_benchmark_data.jsonl.checkpoint (47600 processed)
2026-02-23 08:54:23,613 INFO Saved checkpoint data/retrieval/benchmark_data/oax_benchmark_data.jsonl.checkpoint (47650 processed)
2026-02-23 08:54:25,254 INFO Saved checkpoint data/retrieval/benchmark_data/oax_benchmark_data.jsonl.checkpoint (47700 processed)
2026-02-23 08:54:27,295 INFO Saved checkpoint data/retrieval/benchmark_data/oax_benchmark_data.jsonl.checkpoint (47750 processed)
2026-02-23 08:54:28,870 INFO Saved checkpoint data/retrieval/benchmark_data/oax_benchmark_data.jsonl.checkpoint (47800 processed)
2026-02-23 08:54:30,243 INFO Saved checkpoint data/retrieval/benchmark_data/oax_benchmark_data.jsonl.checkpoint (47850 processed)
2026-02-23 08:54:31,680 INFO Saved checkpoint data/retrieval/benchmark_data/oax_benchmark_data.jsonl.checkpoint (47900 processed)
2026-02-23 08:54:33,249 INFO Saved checkpoint data/retrieval/benchmark_data/oax_benchmark_data.jsonl.checkpoint (47950 processed)
2026-02-23 08:54:34,920 INFO Saved checkpoint data/retrieval/benchmark_data/oax_benchmark_data.jsonl.checkpoint (48000 processed)
2026-02-23 08:54:36,341 INFO Saved checkpoint data/retrieval/benchmark_data/oax_benchmark_data.jsonl.checkpoint (48050 processed)
2026-02-23 08:54:37,783 INFO Saved checkpoint data/retrieval/benchmark_data/oax_benchmark_data.jsonl.checkpoint (48100 processed)
2026-02-23 08:54:39,365 INFO Saved checkpoint data/retrieval/benchmark_data/oax_benchmark_data.jsonl.checkpoint (48150 processed)
2026-02-23 08:54:40,914 INFO Saved checkpoint data/retrieval/benchmark_data/oax_benchmark_data.jsonl.checkpoint (48200 processed)
2026-02-23 08:54:42,356 INFO Saved checkpoint data/retrieval/benchmark_data/oax_benchmark_data.jsonl.checkpoint (48250 processed)
2026-02-23 08:54:44,399 INFO Saved checkpoint data/retrieval/benchmark_data/oax_benchmark_data.jsonl.checkpoint (48300 processed)
2026-02-23 08:54:45,851 INFO Saved checkpoint data/retrieval/benchmark_data/oax_benchmark_data.jsonl.checkpoint (48350 processed)
2026-02-23 08:54:47,396 INFO Saved checkpoint data/retrieval/benchmark_data/oax_benchmark_data.jsonl.checkpoint (48400 processed)
2026-02-23 08:54:48,845 INFO Saved checkpoint data/retrieval/benchmark_data/oax_benchmark_data.jsonl.checkpoint (48450 processed)
2026-02-23 08:54:51,643 INFO Saved checkpoint data/retrieval/benchmark_data/oax_benchmark_data.jsonl.checkpoint (48500 processed)
2026-02-23 08:54:53,035 INFO Saved checkpoint data/retrieval/benchmark_data/oax_benchmark_data.jsonl.checkpoint (48550 processed)
2026-02-23 08:54:54,900 INFO Saved checkpoint data/retrieval/benchmark_data/oax_benchmark_data.jsonl.checkpoint (48600 processed)
2026-02-23 08:54:56,619 INFO Saved checkpoint data/retrieval/benchmark_data/oax_benchmark_data.jsonl.checkpoint (48650 processed)
2026-02-23 08:54:58,401 INFO Saved checkpoint data/retrieval/benchmark_data/oax_benchmark_data.jsonl.checkpoint (48700 processed)
2026-02-23 08:54:59,805 INFO Saved checkpoint data/retrieval/benchmark_data/oax_benchmark_data.jsonl.checkpoint (48750 processed)
2026-02-23 08:55:01,289 INFO Saved checkpoint data/retrieval/benchmark_data/oax_benchmark_data.jsonl.checkpoint (48800 processed)
2026-02-23 08:55:02,865 INFO Saved checkpoint data/retrieval/benchmark_data/oax_benchmark_data.jsonl.checkpoint (48850 processed)
2026-02-23 08:55:04,439 INFO Saved checkpoint data/retrieval/benchmark_data/oax_benchmark_data.jsonl.checkpoint (48900 processed)
2026-02-23 08:55:05,917 INFO Saved checkpoint data/retrieval/benchmark_data/oax_benchmark_data.jsonl.checkpoint (48950 processed)
2026-02-23 08:55:07,352 INFO Saved checkpoint data/retrieval/benchmark_data/oax_benchmark_data.jsonl.checkpoint (49000 processed)
2026-02-23 08:55:09,243 INFO Saved checkpoint data/retrieval/benchmark_data/oax_benchmark_data.jsonl.checkpoint (49050 processed)
2026-02-23 08:55:10,609 INFO Saved checkpoint data/retrieval/benchmark_data/oax_benchmark_data.jsonl.checkpoint (49100 processed)
2026-02-23 08:55:12,010 INFO Saved checkpoint data/retrieval/benchmark_data/oax_benchmark_data.jsonl.checkpoint (49150 processed)
2026-02-23 08:55:13,487 INFO Saved checkpoint data/retrieval/benchmark_data/oax_benchmark_data.jsonl.checkpoint (49200 processed)
2026-02-23 08:55:15,207 INFO Saved checkpoint data/retrieval/benchmark_data/oax_benchmark_data.jsonl.checkpoint (49250 processed)
2026-02-23 08:55:16,724 INFO Saved checkpoint data/retrieval/benchmark_data/oax_benchmark_data.jsonl.checkpoint (49300 processed)
2026-02-23 08:55:18,048 INFO Saved checkpoint data/retrieval/benchmark_data/oax_benchmark_data.jsonl.checkpoint (49350 processed)
2026-02-23 08:55:19,558 INFO Saved checkpoint data/retrieval/benchmark_data/oax_benchmark_data.jsonl.checkpoint (49400 processed)
2026-02-23 08:55:20,926 INFO Saved checkpoint data/retrieval/benchmark_data/oax_benchmark_data.jsonl.checkpoint (49450 processed)
2026-02-23 08:55:22,343 INFO Saved checkpoint data/retrieval/benchmark_data/oax_benchmark_data.jsonl.checkpoint (49500 processed)
2026-02-23 08:55:23,827 INFO Saved checkpoint data/retrieval/benchmark_data/oax_benchmark_data.jsonl.checkpoint (49550 processed)
2026-02-23 08:55:25,314 INFO Saved checkpoint data/retrieval/benchmark_data/oax_benchmark_data.jsonl.checkpoint (49600 processed)
2026-02-23 08:55:26,933 INFO Saved checkpoint data/retrieval/benchmark_data/oax_benchmark_data.jsonl.checkpoint (49650 processed)
2026-02-23 08:55:28,520 INFO Saved checkpoint data/retrieval/benchmark_data/oax_benchmark_data.jsonl.checkpoint (49700 processed)
2026-02-23 08:55:29,996 INFO Saved checkpoint data/retrieval/benchmark_data/oax_benchmark_data.jsonl.checkpoint (49750 processed)
2026-02-23 08:55:31,330 INFO Saved checkpoint data/retrieval/benchmark_data/oax_benchmark_data.jsonl.checkpoint (49800 processed)
2026-02-23 08:55:32,836 INFO Saved checkpoint data/retrieval/benchmark_data/oax_benchmark_data.jsonl.checkpoint (49850 processed)
2026-02-23 08:55:34,335 INFO Saved checkpoint data/retrieval/benchmark_data/oax_benchmark_data.jsonl.checkpoint (49900 processed)
2026-02-23 08:55:37,219 INFO Saved checkpoint data/retrieval/benchmark_data/oax_benchmark_data.jsonl.checkpoint (49950 processed)
2026-02-23 08:55:38,667 INFO Saved checkpoint data/retrieval/benchmark_data/oax_benchmark_data.jsonl.checkpoint (50000 processed)
2026-02-23 08:55:40,439 INFO Saved checkpoint data/retrieval/benchmark_data/oax_benchmark_data.jsonl.checkpoint (50050 processed)
2026-02-23 08:55:41,924 INFO Saved checkpoint data/retrieval/benchmark_data/oax_benchmark_data.jsonl.checkpoint (50100 processed)
2026-02-23 08:55:43,501 INFO Saved checkpoint data/retrieval/benchmark_data/oax_benchmark_data.jsonl.checkpoint (50150 processed)
2026-02-23 08:55:45,174 INFO Saved checkpoint data/retrieval/benchmark_data/oax_benchmark_data.jsonl.checkpoint (50200 processed)
2026-02-23 08:55:46,779 INFO Saved checkpoint data/retrieval/benchmark_data/oax_benchmark_data.jsonl.checkpoint (50250 processed)
2026-02-23 08:55:48,392 INFO Saved checkpoint data/retrieval/benchmark_data/oax_benchmark_data.jsonl.checkpoint (50300 processed)
2026-02-23 08:55:50,455 INFO Saved checkpoint data/retrieval/benchmark_data/oax_benchmark_data.jsonl.checkpoint (50350 processed)
2026-02-23 08:55:51,933 INFO Saved checkpoint data/retrieval/benchmark_data/oax_benchmark_data.jsonl.checkpoint (50400 processed)
2026-02-23 08:55:53,512 INFO Saved checkpoint data/retrieval/benchmark_data/oax_benchmark_data.jsonl.checkpoint (50450 processed)
2026-02-23 08:55:55,156 INFO Saved checkpoint data/retrieval/benchmark_data/oax_benchmark_data.jsonl.checkpoint (50500 processed)
2026-02-23 08:55:56,775 INFO Saved checkpoint data/retrieval/benchmark_data/oax_benchmark_data.jsonl.checkpoint (50550 processed)
2026-02-23 08:55:58,191 INFO Saved checkpoint data/retrieval/benchmark_data/oax_benchmark_data.jsonl.checkpoint (50600 processed)
2026-02-23 08:55:59,629 INFO Saved checkpoint data/retrieval/benchmark_data/oax_benchmark_data.jsonl.checkpoint (50650 processed)
2026-02-23 08:56:01,045 INFO Saved checkpoint data/retrieval/benchmark_data/oax_benchmark_data.jsonl.checkpoint (50700 processed)
2026-02-23 08:56:02,568 INFO Saved checkpoint data/retrieval/benchmark_data/oax_benchmark_data.jsonl.checkpoint (50750 processed)
2026-02-23 08:56:04,197 INFO Saved checkpoint data/retrieval/benchmark_data/oax_benchmark_data.jsonl.checkpoint (50800 processed)
2026-02-23 08:56:05,886 INFO Saved checkpoint data/retrieval/benchmark_data/oax_benchmark_data.jsonl.checkpoint (50850 processed)
2026-02-23 08:56:07,822 INFO Saved checkpoint data/retrieval/benchmark_data/oax_benchmark_data.jsonl.checkpoint (50900 processed)
2026-02-23 08:56:09,393 INFO Saved checkpoint data/retrieval/benchmark_data/oax_benchmark_data.jsonl.checkpoint (50950 processed)
2026-02-23 08:56:10,879 INFO Saved checkpoint data/retrieval/benchmark_data/oax_benchmark_data.jsonl.checkpoint (51000 processed)
2026-02-23 08:56:12,441 INFO Saved checkpoint data/retrieval/benchmark_data/oax_benchmark_data.jsonl.checkpoint (51050 processed)
2026-02-23 08:56:13,817 INFO Saved checkpoint data/retrieval/benchmark_data/oax_benchmark_data.jsonl.checkpoint (51100 processed)
2026-02-23 08:56:15,293 INFO Saved checkpoint data/retrieval/benchmark_data/oax_benchmark_data.jsonl.checkpoint (51150 processed)
2026-02-23 08:56:16,916 INFO Saved checkpoint data/retrieval/benchmark_data/oax_benchmark_data.jsonl.checkpoint (51200 processed)
2026-02-23 08:56:18,427 INFO Saved checkpoint data/retrieval/benchmark_data/oax_benchmark_data.jsonl.checkpoint (51250 processed)
2026-02-23 08:56:20,411 INFO Saved checkpoint data/retrieval/benchmark_data/oax_benchmark_data.jsonl.checkpoint (51300 processed)
2026-02-23 08:56:22,159 INFO Saved checkpoint data/retrieval/benchmark_data/oax_benchmark_data.jsonl.checkpoint (51350 processed)
2026-02-23 08:56:23,633 INFO Saved checkpoint data/retrieval/benchmark_data/oax_benchmark_data.jsonl.checkpoint (51400 processed)
2026-02-23 08:56:25,061 INFO Saved checkpoint data/retrieval/benchmark_data/oax_benchmark_data.jsonl.checkpoint (51450 processed)
2026-02-23 08:56:26,617 INFO Saved checkpoint data/retrieval/benchmark_data/oax_benchmark_data.jsonl.checkpoint (51500 processed)
2026-02-23 08:56:28,168 INFO Saved checkpoint data/retrieval/benchmark_data/oax_benchmark_data.jsonl.checkpoint (51550 processed)
2026-02-23 08:56:29,702 INFO Saved checkpoint data/retrieval/benchmark_data/oax_benchmark_data.jsonl.checkpoint (51600 processed)
2026-02-23 08:56:31,147 INFO Saved checkpoint data/retrieval/benchmark_data/oax_benchmark_data.jsonl.checkpoint (51650 processed)
2026-02-23 08:56:32,764 INFO Saved checkpoint data/retrieval/benchmark_data/oax_benchmark_data.jsonl.checkpoint (51700 processed)
2026-02-23 08:56:34,376 INFO Saved checkpoint data/retrieval/benchmark_data/oax_benchmark_data.jsonl.checkpoint (51750 processed)
2026-02-23 08:56:35,833 INFO Saved checkpoint data/retrieval/benchmark_data/oax_benchmark_data.jsonl.checkpoint (51800 processed)
2026-02-23 08:56:37,375 INFO Saved checkpoint data/retrieval/benchmark_data/oax_benchmark_data.jsonl.checkpoint (51850 processed)
2026-02-23 08:56:38,917 INFO Saved checkpoint data/retrieval/benchmark_data/oax_benchmark_data.jsonl.checkpoint (51900 processed)
2026-02-23 08:56:40,460 INFO Saved checkpoint data/retrieval/benchmark_data/oax_benchmark_data.jsonl.checkpoint (51950 processed)
2026-02-23 08:56:42,652 INFO Saved checkpoint data/retrieval/benchmark_data/oax_benchmark_data.jsonl.checkpoint (52000 processed)
2026-02-23 08:56:44,415 INFO Saved checkpoint data/retrieval/benchmark_data/oax_benchmark_data.jsonl.checkpoint (52050 processed)
2026-02-23 08:56:46,135 INFO Saved checkpoint data/retrieval/benchmark_data/oax_benchmark_data.jsonl.checkpoint (52100 processed)
2026-02-23 08:56:47,587 INFO Saved checkpoint data/retrieval/benchmark_data/oax_benchmark_data.jsonl.checkpoint (52150 processed)
2026-02-23 08:56:49,363 INFO Saved checkpoint data/retrieval/benchmark_data/oax_benchmark_data.jsonl.checkpoint (52200 processed)
2026-02-23 08:56:50,886 INFO Saved checkpoint data/retrieval/benchmark_data/oax_benchmark_data.jsonl.checkpoint (52250 processed)
2026-02-23 08:56:52,691 INFO Saved checkpoint data/retrieval/benchmark_data/oax_benchmark_data.jsonl.checkpoint (52300 processed)
2026-02-23 08:56:54,150 INFO Saved checkpoint data/retrieval/benchmark_data/oax_benchmark_data.jsonl.checkpoint (52350 processed)
2026-02-23 08:56:55,735 INFO Saved checkpoint data/retrieval/benchmark_data/oax_benchmark_data.jsonl.checkpoint (52400 processed)
2026-02-23 08:56:57,160 INFO Saved checkpoint data/retrieval/benchmark_data/oax_benchmark_data.jsonl.checkpoint (52450 processed)
2026-02-23 08:56:58,787 INFO Saved checkpoint data/retrieval/benchmark_data/oax_benchmark_data.jsonl.checkpoint (52500 processed)
2026-02-23 08:57:00,177 INFO Saved checkpoint data/retrieval/benchmark_data/oax_benchmark_data.jsonl.checkpoint (52550 processed)
2026-02-23 08:57:02,942 INFO Saved checkpoint data/retrieval/benchmark_data/oax_benchmark_data.jsonl.checkpoint (52600 processed)
2026-02-23 08:57:04,545 INFO Saved checkpoint data/retrieval/benchmark_data/oax_benchmark_data.jsonl.checkpoint (52650 processed)
2026-02-23 08:57:05,947 INFO Saved checkpoint data/retrieval/benchmark_data/oax_benchmark_data.jsonl.checkpoint (52700 processed)
2026-02-23 08:57:07,447 INFO Saved checkpoint data/retrieval/benchmark_data/oax_benchmark_data.jsonl.checkpoint (52750 processed)
2026-02-23 08:57:08,839 INFO Saved checkpoint data/retrieval/benchmark_data/oax_benchmark_data.jsonl.checkpoint (52800 processed)
2026-02-23 08:57:10,388 INFO Saved checkpoint data/retrieval/benchmark_data/oax_benchmark_data.jsonl.checkpoint (52850 processed)
2026-02-23 08:57:11,832 INFO Saved checkpoint data/retrieval/benchmark_data/oax_benchmark_data.jsonl.checkpoint (52900 processed)
2026-02-23 08:57:13,231 INFO Saved checkpoint data/retrieval/benchmark_data/oax_benchmark_data.jsonl.checkpoint (52950 processed)
2026-02-23 08:57:14,725 INFO Saved checkpoint data/retrieval/benchmark_data/oax_benchmark_data.jsonl.checkpoint (53000 processed)
2026-02-23 08:57:16,177 INFO Saved checkpoint data/retrieval/benchmark_data/oax_benchmark_data.jsonl.checkpoint (53050 processed)
2026-02-23 08:57:17,569 INFO Saved checkpoint data/retrieval/benchmark_data/oax_benchmark_data.jsonl.checkpoint (53100 processed)
2026-02-23 08:57:18,784 INFO Saved checkpoint data/retrieval/benchmark_data/oax_benchmark_data.jsonl.checkpoint (53150 processed)
2026-02-23 08:57:20,384 INFO Saved checkpoint data/retrieval/benchmark_data/oax_benchmark_data.jsonl.checkpoint (53200 processed)
2026-02-23 08:57:21,877 INFO Saved checkpoint data/retrieval/benchmark_data/oax_benchmark_data.jsonl.checkpoint (53250 processed)
2026-02-23 08:57:23,256 INFO Saved checkpoint data/retrieval/benchmark_data/oax_benchmark_data.jsonl.checkpoint (53300 processed)
2026-02-23 08:57:24,928 INFO Saved checkpoint data/retrieval/benchmark_data/oax_benchmark_data.jsonl.checkpoint (53350 processed)
2026-02-23 08:57:26,432 INFO Saved checkpoint data/retrieval/benchmark_data/oax_benchmark_data.jsonl.checkpoint (53400 processed)
2026-02-23 08:57:28,019 INFO Saved checkpoint data/retrieval/benchmark_data/oax_benchmark_data.jsonl.checkpoint (53450 processed)
2026-02-23 08:57:29,423 INFO Saved checkpoint data/retrieval/benchmark_data/oax_benchmark_data.jsonl.checkpoint (53500 processed)
2026-02-23 08:57:30,930 INFO Saved checkpoint data/retrieval/benchmark_data/oax_benchmark_data.jsonl.checkpoint (53550 processed)
2026-02-23 08:57:32,347 INFO Saved checkpoint data/retrieval/benchmark_data/oax_benchmark_data.jsonl.checkpoint (53600 processed)
2026-02-23 08:57:33,627 INFO Saved checkpoint data/retrieval/benchmark_data/oax_benchmark_data.jsonl.checkpoint (53650 processed)
2026-02-23 08:57:35,119 INFO Saved checkpoint data/retrieval/benchmark_data/oax_benchmark_data.jsonl.checkpoint (53700 processed)
2026-02-23 08:57:36,741 INFO Saved checkpoint data/retrieval/benchmark_data/oax_benchmark_data.jsonl.checkpoint (53750 processed)
2026-02-23 08:57:38,346 INFO Saved checkpoint data/retrieval/benchmark_data/oax_benchmark_data.jsonl.checkpoint (53800 processed)
2026-02-23 08:57:39,916 INFO Saved checkpoint data/retrieval/benchmark_data/oax_benchmark_data.jsonl.checkpoint (53850 processed)
2026-02-23 08:57:41,321 INFO Saved checkpoint data/retrieval/benchmark_data/oax_benchmark_data.jsonl.checkpoint (53900 processed)
2026-02-23 08:57:42,936 INFO Saved checkpoint data/retrieval/benchmark_data/oax_benchmark_data.jsonl.checkpoint (53950 processed)
2026-02-23 08:57:44,518 INFO Saved checkpoint data/retrieval/benchmark_data/oax_benchmark_data.jsonl.checkpoint (54000 processed)
2026-02-23 08:57:46,047 INFO Saved checkpoint data/retrieval/benchmark_data/oax_benchmark_data.jsonl.checkpoint (54050 processed)
2026-02-23 08:57:47,383 INFO Saved checkpoint data/retrieval/benchmark_data/oax_benchmark_data.jsonl.checkpoint (54100 processed)
2026-02-23 08:57:48,914 INFO Saved checkpoint data/retrieval/benchmark_data/oax_benchmark_data.jsonl.checkpoint (54150 processed)
2026-02-23 08:57:50,597 INFO Saved checkpoint data/retrieval/benchmark_data/oax_benchmark_data.jsonl.checkpoint (54200 processed)
2026-02-23 08:57:52,073 INFO Saved checkpoint data/retrieval/benchmark_data/oax_benchmark_data.jsonl.checkpoint (54250 processed)
2026-02-23 08:57:53,620 INFO Saved checkpoint data/retrieval/benchmark_data/oax_benchmark_data.jsonl.checkpoint (54300 processed)
2026-02-23 08:57:55,132 INFO Saved checkpoint data/retrieval/benchmark_data/oax_benchmark_data.jsonl.checkpoint (54350 processed)
2026-02-23 08:57:56,796 INFO Saved checkpoint data/retrieval/benchmark_data/oax_benchmark_data.jsonl.checkpoint (54400 processed)
2026-02-23 08:57:58,322 INFO Saved checkpoint data/retrieval/benchmark_data/oax_benchmark_data.jsonl.checkpoint (54450 processed)
2026-02-23 08:57:59,804 INFO Saved checkpoint data/retrieval/benchmark_data/oax_benchmark_data.jsonl.checkpoint (54500 processed)
2026-02-23 08:58:01,237 INFO Saved checkpoint data/retrieval/benchmark_data/oax_benchmark_data.jsonl.checkpoint (54550 processed)
2026-02-23 08:58:02,691 INFO Saved checkpoint data/retrieval/benchmark_data/oax_benchmark_data.jsonl.checkpoint (54600 processed)
2026-02-23 08:58:04,304 INFO Saved checkpoint data/retrieval/benchmark_data/oax_benchmark_data.jsonl.checkpoint (54650 processed)
2026-02-23 08:58:05,930 INFO Saved checkpoint data/retrieval/benchmark_data/oax_benchmark_data.jsonl.checkpoint (54700 processed)
2026-02-23 08:58:07,415 INFO Saved checkpoint data/retrieval/benchmark_data/oax_benchmark_data.jsonl.checkpoint (54750 processed)
2026-02-23 08:58:08,853 INFO Saved checkpoint data/retrieval/benchmark_data/oax_benchmark_data.jsonl.checkpoint (54800 processed)
2026-02-23 08:58:10,223 INFO Saved checkpoint data/retrieval/benchmark_data/oax_benchmark_data.jsonl.checkpoint (54850 processed)
2026-02-23 08:58:11,760 INFO Saved checkpoint data/retrieval/benchmark_data/oax_benchmark_data.jsonl.checkpoint (54900 processed)
2026-02-23 08:58:13,592 INFO Saved checkpoint data/retrieval/benchmark_data/oax_benchmark_data.jsonl.checkpoint (54950 processed)
2026-02-23 08:58:15,134 INFO Saved checkpoint data/retrieval/benchmark_data/oax_benchmark_data.jsonl.checkpoint (55000 processed)
2026-02-23 08:58:16,779 INFO Saved checkpoint data/retrieval/benchmark_data/oax_benchmark_data.jsonl.checkpoint (55050 processed)
2026-02-23 08:58:18,229 INFO Saved checkpoint data/retrieval/benchmark_data/oax_benchmark_data.jsonl.checkpoint (55100 processed)
2026-02-23 08:58:19,981 INFO Saved checkpoint data/retrieval/benchmark_data/oax_benchmark_data.jsonl.checkpoint (55150 processed)
2026-02-23 08:58:21,473 INFO Saved checkpoint data/retrieval/benchmark_data/oax_benchmark_data.jsonl.checkpoint (55200 processed)
2026-02-23 08:58:22,949 INFO Saved checkpoint data/retrieval/benchmark_data/oax_benchmark_data.jsonl.checkpoint (55250 processed)
2026-02-23 08:58:24,388 INFO Saved checkpoint data/retrieval/benchmark_data/oax_benchmark_data.jsonl.checkpoint (55300 processed)
2026-02-23 08:58:25,834 INFO Saved checkpoint data/retrieval/benchmark_data/oax_benchmark_data.jsonl.checkpoint (55350 processed)
2026-02-23 08:58:27,482 INFO Saved checkpoint data/retrieval/benchmark_data/oax_benchmark_data.jsonl.checkpoint (55400 processed)
2026-02-23 08:58:29,115 INFO Saved checkpoint data/retrieval/benchmark_data/oax_benchmark_data.jsonl.checkpoint (55450 processed)
2026-02-23 08:58:31,212 INFO Saved checkpoint data/retrieval/benchmark_data/oax_benchmark_data.jsonl.checkpoint (55500 processed)
2026-02-23 08:58:32,707 INFO Saved checkpoint data/retrieval/benchmark_data/oax_benchmark_data.jsonl.checkpoint (55550 processed)
2026-02-23 08:58:34,090 INFO Saved checkpoint data/retrieval/benchmark_data/oax_benchmark_data.jsonl.checkpoint (55600 processed)
2026-02-23 08:58:35,696 INFO Saved checkpoint data/retrieval/benchmark_data/oax_benchmark_data.jsonl.checkpoint (55650 processed)
2026-02-23 08:58:37,130 INFO Saved checkpoint data/retrieval/benchmark_data/oax_benchmark_data.jsonl.checkpoint (55700 processed)
2026-02-23 08:58:38,621 INFO Saved checkpoint data/retrieval/benchmark_data/oax_benchmark_data.jsonl.checkpoint (55750 processed)
2026-02-23 08:58:40,871 INFO Saved checkpoint data/retrieval/benchmark_data/oax_benchmark_data.jsonl.checkpoint (55800 processed)
2026-02-23 08:58:42,329 INFO Saved checkpoint data/retrieval/benchmark_data/oax_benchmark_data.jsonl.checkpoint (55850 processed)
2026-02-23 08:58:43,784 INFO Saved checkpoint data/retrieval/benchmark_data/oax_benchmark_data.jsonl.checkpoint (55900 processed)
2026-02-23 08:58:45,463 INFO Saved checkpoint data/retrieval/benchmark_data/oax_benchmark_data.jsonl.checkpoint (55950 processed)
2026-02-23 08:58:46,974 INFO Saved checkpoint data/retrieval/benchmark_data/oax_benchmark_data.jsonl.checkpoint (56000 processed)
2026-02-23 08:58:48,522 INFO Saved checkpoint data/retrieval/benchmark_data/oax_benchmark_data.jsonl.checkpoint (56050 processed)
2026-02-23 08:58:50,477 INFO Saved checkpoint data/retrieval/benchmark_data/oax_benchmark_data.jsonl.checkpoint (56100 processed)
2026-02-23 08:58:52,168 INFO Saved checkpoint data/retrieval/benchmark_data/oax_benchmark_data.jsonl.checkpoint (56150 processed)
2026-02-23 08:58:53,608 INFO Saved checkpoint data/retrieval/benchmark_data/oax_benchmark_data.jsonl.checkpoint (56200 processed)
2026-02-23 08:58:55,121 INFO Saved checkpoint data/retrieval/benchmark_data/oax_benchmark_data.jsonl.checkpoint (56250 processed)
2026-02-23 08:58:56,821 INFO Saved checkpoint data/retrieval/benchmark_data/oax_benchmark_data.jsonl.checkpoint (56300 processed)
2026-02-23 08:58:58,258 INFO Saved checkpoint data/retrieval/benchmark_data/oax_benchmark_data.jsonl.checkpoint (56350 processed)
2026-02-23 08:58:59,643 INFO Saved checkpoint data/retrieval/benchmark_data/oax_benchmark_data.jsonl.checkpoint (56400 processed)
2026-02-23 08:59:01,367 INFO Saved checkpoint data/retrieval/benchmark_data/oax_benchmark_data.jsonl.checkpoint (56450 processed)
2026-02-23 08:59:02,859 INFO Saved checkpoint data/retrieval/benchmark_data/oax_benchmark_data.jsonl.checkpoint (56500 processed)
2026-02-23 08:59:04,817 INFO Saved checkpoint data/retrieval/benchmark_data/oax_benchmark_data.jsonl.checkpoint (56550 processed)
2026-02-23 08:59:06,269 INFO Saved checkpoint data/retrieval/benchmark_data/oax_benchmark_data.jsonl.checkpoint (56600 processed)
2026-02-23 08:59:07,624 INFO Saved checkpoint data/retrieval/benchmark_data/oax_benchmark_data.jsonl.checkpoint (56650 processed)
2026-02-23 08:59:09,086 INFO Saved checkpoint data/retrieval/benchmark_data/oax_benchmark_data.jsonl.checkpoint (56700 processed)
2026-02-23 08:59:10,476 INFO Saved checkpoint data/retrieval/benchmark_data/oax_benchmark_data.jsonl.checkpoint (56750 processed)
2026-02-23 08:59:11,626 INFO Saved checkpoint data/retrieval/benchmark_data/oax_benchmark_data.jsonl.checkpoint (56800 processed)
2026-02-23 08:59:13,377 INFO Saved checkpoint data/retrieval/benchmark_data/oax_benchmark_data.jsonl.checkpoint (56850 processed)
2026-02-23 08:59:14,892 INFO Saved checkpoint data/retrieval/benchmark_data/oax_benchmark_data.jsonl.checkpoint (56900 processed)
2026-02-23 08:59:16,493 INFO Saved checkpoint data/retrieval/benchmark_data/oax_benchmark_data.jsonl.checkpoint (56950 processed)
2026-02-23 08:59:18,750 INFO Saved checkpoint data/retrieval/benchmark_data/oax_benchmark_data.jsonl.checkpoint (57000 processed)
2026-02-23 08:59:20,410 INFO Saved checkpoint data/retrieval/benchmark_data/oax_benchmark_data.jsonl.checkpoint (57050 processed)
2026-02-23 08:59:21,931 INFO Saved checkpoint data/retrieval/benchmark_data/oax_benchmark_data.jsonl.checkpoint (57100 processed)
2026-02-23 08:59:23,352 INFO Saved checkpoint data/retrieval/benchmark_data/oax_benchmark_data.jsonl.checkpoint (57150 processed)
2026-02-23 08:59:24,747 INFO Saved checkpoint data/retrieval/benchmark_data/oax_benchmark_data.jsonl.checkpoint (57200 processed)
2026-02-23 08:59:26,205 INFO Saved checkpoint data/retrieval/benchmark_data/oax_benchmark_data.jsonl.checkpoint (57250 processed)
2026-02-23 08:59:27,770 INFO Saved checkpoint data/retrieval/benchmark_data/oax_benchmark_data.jsonl.checkpoint (57300 processed)
2026-02-23 08:59:29,270 INFO Saved checkpoint data/retrieval/benchmark_data/oax_benchmark_data.jsonl.checkpoint (57350 processed)
2026-02-23 08:59:30,776 INFO Saved checkpoint data/retrieval/benchmark_data/oax_benchmark_data.jsonl.checkpoint (57400 processed)
2026-02-23 08:59:32,242 INFO Saved checkpoint data/retrieval/benchmark_data/oax_benchmark_data.jsonl.checkpoint (57450 processed)
2026-02-23 08:59:33,732 INFO Saved checkpoint data/retrieval/benchmark_data/oax_benchmark_data.jsonl.checkpoint (57500 processed)
2026-02-23 08:59:35,241 INFO Saved checkpoint data/retrieval/benchmark_data/oax_benchmark_data.jsonl.checkpoint (57550 processed)
2026-02-23 08:59:36,853 INFO Saved checkpoint data/retrieval/benchmark_data/oax_benchmark_data.jsonl.checkpoint (57600 processed)
2026-02-23 08:59:38,392 INFO Saved checkpoint data/retrieval/benchmark_data/oax_benchmark_data.jsonl.checkpoint (57650 processed)
2026-02-23 08:59:39,905 INFO Saved checkpoint data/retrieval/benchmark_data/oax_benchmark_data.jsonl.checkpoint (57700 processed)
2026-02-23 08:59:41,578 INFO Saved checkpoint data/retrieval/benchmark_data/oax_benchmark_data.jsonl.checkpoint (57750 processed)
2026-02-23 08:59:43,226 INFO Saved checkpoint data/retrieval/benchmark_data/oax_benchmark_data.jsonl.checkpoint (57800 processed)
2026-02-23 08:59:44,862 INFO Saved checkpoint data/retrieval/benchmark_data/oax_benchmark_data.jsonl.checkpoint (57850 processed)
2026-02-23 08:59:46,420 INFO Saved checkpoint data/retrieval/benchmark_data/oax_benchmark_data.jsonl.checkpoint (57900 processed)
2026-02-23 08:59:48,083 INFO Saved checkpoint data/retrieval/benchmark_data/oax_benchmark_data.jsonl.checkpoint (57950 processed)
2026-02-23 08:59:49,629 INFO Saved checkpoint data/retrieval/benchmark_data/oax_benchmark_data.jsonl.checkpoint (58000 processed)
2026-02-23 08:59:51,265 INFO Saved checkpoint data/retrieval/benchmark_data/oax_benchmark_data.jsonl.checkpoint (58050 processed)
2026-02-23 08:59:52,856 INFO Saved checkpoint data/retrieval/benchmark_data/oax_benchmark_data.jsonl.checkpoint (58100 processed)
2026-02-23 08:59:54,467 INFO Saved checkpoint data/retrieval/benchmark_data/oax_benchmark_data.jsonl.checkpoint (58150 processed)
2026-02-23 08:59:55,897 INFO Saved checkpoint data/retrieval/benchmark_data/oax_benchmark_data.jsonl.checkpoint (58200 processed)
2026-02-23 08:59:57,501 INFO Saved checkpoint data/retrieval/benchmark_data/oax_benchmark_data.jsonl.checkpoint (58250 processed)
2026-02-23 08:59:58,944 INFO Saved checkpoint data/retrieval/benchmark_data/oax_benchmark_data.jsonl.checkpoint (58300 processed)
2026-02-23 09:00:00,301 INFO Saved checkpoint data/retrieval/benchmark_data/oax_benchmark_data.jsonl.checkpoint (58350 processed)
2026-02-23 09:00:01,857 INFO Saved checkpoint data/retrieval/benchmark_data/oax_benchmark_data.jsonl.checkpoint (58400 processed)
2026-02-23 09:00:03,394 INFO Saved checkpoint data/retrieval/benchmark_data/oax_benchmark_data.jsonl.checkpoint (58450 processed)
2026-02-23 09:00:06,064 INFO Saved checkpoint data/retrieval/benchmark_data/oax_benchmark_data.jsonl.checkpoint (58500 processed)
2026-02-23 09:00:07,520 INFO Saved checkpoint data/retrieval/benchmark_data/oax_benchmark_data.jsonl.checkpoint (58550 processed)
2026-02-23 09:00:09,161 INFO Saved checkpoint data/retrieval/benchmark_data/oax_benchmark_data.jsonl.checkpoint (58600 processed)
2026-02-23 09:00:10,872 INFO Saved checkpoint data/retrieval/benchmark_data/oax_benchmark_data.jsonl.checkpoint (58650 processed)
2026-02-23 09:00:12,666 INFO Saved checkpoint data/retrieval/benchmark_data/oax_benchmark_data.jsonl.checkpoint (58700 processed)
2026-02-23 09:00:14,251 INFO Saved checkpoint data/retrieval/benchmark_data/oax_benchmark_data.jsonl.checkpoint (58750 processed)
2026-02-23 09:00:16,097 INFO Saved checkpoint data/retrieval/benchmark_data/oax_benchmark_data.jsonl.checkpoint (58800 processed)
2026-02-23 09:00:17,587 INFO Saved checkpoint data/retrieval/benchmark_data/oax_benchmark_data.jsonl.checkpoint (58850 processed)
2026-02-23 09:00:19,097 INFO Saved checkpoint data/retrieval/benchmark_data/oax_benchmark_data.jsonl.checkpoint (58900 processed)
2026-02-23 09:00:20,699 INFO Saved checkpoint data/retrieval/benchmark_data/oax_benchmark_data.jsonl.checkpoint (58950 processed)
2026-02-23 09:00:22,287 INFO Saved checkpoint data/retrieval/benchmark_data/oax_benchmark_data.jsonl.checkpoint (59000 processed)
2026-02-23 09:00:23,630 INFO Saved checkpoint data/retrieval/benchmark_data/oax_benchmark_data.jsonl.checkpoint (59050 processed)
2026-02-23 09:00:25,295 INFO Saved checkpoint data/retrieval/benchmark_data/oax_benchmark_data.jsonl.checkpoint (59100 processed)
2026-02-23 09:00:26,787 INFO Saved checkpoint data/retrieval/benchmark_data/oax_benchmark_data.jsonl.checkpoint (59150 processed)
2026-02-23 09:00:28,984 INFO Saved checkpoint data/retrieval/benchmark_data/oax_benchmark_data.jsonl.checkpoint (59200 processed)
2026-02-23 09:00:30,461 INFO Saved checkpoint data/retrieval/benchmark_data/oax_benchmark_data.jsonl.checkpoint (59250 processed)
2026-02-23 09:00:32,183 INFO Saved checkpoint data/retrieval/benchmark_data/oax_benchmark_data.jsonl.checkpoint (59300 processed)
2026-02-23 09:00:33,757 INFO Saved checkpoint data/retrieval/benchmark_data/oax_benchmark_data.jsonl.checkpoint (59350 processed)
2026-02-23 09:00:35,242 INFO Saved checkpoint data/retrieval/benchmark_data/oax_benchmark_data.jsonl.checkpoint (59400 processed)
2026-02-23 09:00:37,034 INFO Saved checkpoint data/retrieval/benchmark_data/oax_benchmark_data.jsonl.checkpoint (59450 processed)
2026-02-23 09:00:38,537 INFO Saved checkpoint data/retrieval/benchmark_data/oax_benchmark_data.jsonl.checkpoint (59500 processed)
2026-02-23 09:00:40,413 INFO Saved checkpoint data/retrieval/benchmark_data/oax_benchmark_data.jsonl.checkpoint (59550 processed)
2026-02-23 09:00:42,152 INFO Saved checkpoint data/retrieval/benchmark_data/oax_benchmark_data.jsonl.checkpoint (59600 processed)
2026-02-23 09:00:43,907 INFO Saved checkpoint data/retrieval/benchmark_data/oax_benchmark_data.jsonl.checkpoint (59650 processed)
2026-02-23 09:00:45,415 INFO Saved checkpoint data/retrieval/benchmark_data/oax_benchmark_data.jsonl.checkpoint (59700 processed)
2026-02-23 09:00:46,940 INFO Saved checkpoint data/retrieval/benchmark_data/oax_benchmark_data.jsonl.checkpoint (59750 processed)
2026-02-23 09:00:48,564 INFO Saved checkpoint data/retrieval/benchmark_data/oax_benchmark_data.jsonl.checkpoint (59800 processed)
2026-02-23 09:00:50,032 INFO Saved checkpoint data/retrieval/benchmark_data/oax_benchmark_data.jsonl.checkpoint (59850 processed)
2026-02-23 09:00:51,414 INFO Saved checkpoint data/retrieval/benchmark_data/oax_benchmark_data.jsonl.checkpoint (59900 processed)
2026-02-23 09:00:52,959 INFO Saved checkpoint data/retrieval/benchmark_data/oax_benchmark_data.jsonl.checkpoint (59950 processed)
2026-02-23 09:00:54,803 INFO Saved checkpoint data/retrieval/benchmark_data/oax_benchmark_data.jsonl.checkpoint (60000 processed)
2026-02-23 09:00:56,106 INFO Saved checkpoint data/retrieval/benchmark_data/oax_benchmark_data.jsonl.checkpoint (60050 processed)
2026-02-23 09:00:57,668 INFO Saved checkpoint data/retrieval/benchmark_data/oax_benchmark_data.jsonl.checkpoint (60100 processed)
2026-02-23 09:00:59,424 INFO Saved checkpoint data/retrieval/benchmark_data/oax_benchmark_data.jsonl.checkpoint (60150 processed)
2026-02-23 09:01:01,355 INFO Saved checkpoint data/retrieval/benchmark_data/oax_benchmark_data.jsonl.checkpoint (60200 processed)
2026-02-23 09:01:03,731 INFO Saved checkpoint data/retrieval/benchmark_data/oax_benchmark_data.jsonl.checkpoint (60250 processed)
2026-02-23 09:01:05,419 INFO Saved checkpoint data/retrieval/benchmark_data/oax_benchmark_data.jsonl.checkpoint (60300 processed)
2026-02-23 09:01:06,883 INFO Saved checkpoint data/retrieval/benchmark_data/oax_benchmark_data.jsonl.checkpoint (60350 processed)
2026-02-23 09:01:08,590 INFO Saved checkpoint data/retrieval/benchmark_data/oax_benchmark_data.jsonl.checkpoint (60400 processed)
2026-02-23 09:01:10,111 INFO Saved checkpoint data/retrieval/benchmark_data/oax_benchmark_data.jsonl.checkpoint (60450 processed)
2026-02-23 09:01:11,627 INFO Saved checkpoint data/retrieval/benchmark_data/oax_benchmark_data.jsonl.checkpoint (60500 processed)
2026-02-23 09:01:13,729 INFO Saved checkpoint data/retrieval/benchmark_data/oax_benchmark_data.jsonl.checkpoint (60550 processed)
2026-02-23 09:01:15,459 INFO Saved checkpoint data/retrieval/benchmark_data/oax_benchmark_data.jsonl.checkpoint (60600 processed)
2026-02-23 09:01:17,225 INFO Saved checkpoint data/retrieval/benchmark_data/oax_benchmark_data.jsonl.checkpoint (60650 processed)
2026-02-23 09:01:18,667 INFO Saved checkpoint data/retrieval/benchmark_data/oax_benchmark_data.jsonl.checkpoint (60700 processed)
2026-02-23 09:01:20,413 INFO Saved checkpoint data/retrieval/benchmark_data/oax_benchmark_data.jsonl.checkpoint (60750 processed)
2026-02-23 09:01:22,024 INFO Saved checkpoint data/retrieval/benchmark_data/oax_benchmark_data.jsonl.checkpoint (60800 processed)
2026-02-23 09:01:23,523 INFO Saved checkpoint data/retrieval/benchmark_data/oax_benchmark_data.jsonl.checkpoint (60850 processed)
2026-02-23 09:01:25,085 INFO Saved checkpoint data/retrieval/benchmark_data/oax_benchmark_data.jsonl.checkpoint (60900 processed)
2026-02-23 09:01:26,959 INFO Saved checkpoint data/retrieval/benchmark_data/oax_benchmark_data.jsonl.checkpoint (60950 processed)
2026-02-23 09:01:28,570 INFO Saved checkpoint data/retrieval/benchmark_data/oax_benchmark_data.jsonl.checkpoint (61000 processed)
2026-02-23 09:01:30,004 INFO Saved checkpoint data/retrieval/benchmark_data/oax_benchmark_data.jsonl.checkpoint (61050 processed)
2026-02-23 09:01:31,595 INFO Saved checkpoint data/retrieval/benchmark_data/oax_benchmark_data.jsonl.checkpoint (61100 processed)
2026-02-23 09:01:32,990 INFO Saved checkpoint data/retrieval/benchmark_data/oax_benchmark_data.jsonl.checkpoint (61150 processed)
2026-02-23 09:01:34,679 INFO Saved checkpoint data/retrieval/benchmark_data/oax_benchmark_data.jsonl.checkpoint (61200 processed)
2026-02-23 09:01:36,543 INFO Saved checkpoint data/retrieval/benchmark_data/oax_benchmark_data.jsonl.checkpoint (61250 processed)
2026-02-23 09:01:38,153 INFO Saved checkpoint data/retrieval/benchmark_data/oax_benchmark_data.jsonl.checkpoint (61300 processed)
2026-02-23 09:01:39,614 INFO Saved checkpoint data/retrieval/benchmark_data/oax_benchmark_data.jsonl.checkpoint (61350 processed)
2026-02-23 09:01:41,336 INFO Saved checkpoint data/retrieval/benchmark_data/oax_benchmark_data.jsonl.checkpoint (61400 processed)
2026-02-23 09:01:42,822 INFO Saved checkpoint data/retrieval/benchmark_data/oax_benchmark_data.jsonl.checkpoint (61450 processed)
2026-02-23 09:01:44,385 INFO Saved checkpoint data/retrieval/benchmark_data/oax_benchmark_data.jsonl.checkpoint (61500 processed)
2026-02-23 09:01:45,816 INFO Saved checkpoint data/retrieval/benchmark_data/oax_benchmark_data.jsonl.checkpoint (61550 processed)
2026-02-23 09:01:47,522 INFO Saved checkpoint data/retrieval/benchmark_data/oax_benchmark_data.jsonl.checkpoint (61600 processed)
2026-02-23 09:01:48,922 INFO Saved checkpoint data/retrieval/benchmark_data/oax_benchmark_data.jsonl.checkpoint (61650 processed)
2026-02-23 09:01:50,433 INFO Saved checkpoint data/retrieval/benchmark_data/oax_benchmark_data.jsonl.checkpoint (61700 processed)
2026-02-23 09:01:52,073 INFO Saved checkpoint data/retrieval/benchmark_data/oax_benchmark_data.jsonl.checkpoint (61750 processed)
2026-02-23 09:01:53,486 INFO Saved checkpoint data/retrieval/benchmark_data/oax_benchmark_data.jsonl.checkpoint (61800 processed)
2026-02-23 09:01:55,184 INFO Saved checkpoint data/retrieval/benchmark_data/oax_benchmark_data.jsonl.checkpoint (61850 processed)
2026-02-23 09:01:56,668 INFO Saved checkpoint data/retrieval/benchmark_data/oax_benchmark_data.jsonl.checkpoint (61900 processed)
2026-02-23 09:01:58,498 INFO Saved checkpoint data/retrieval/benchmark_data/oax_benchmark_data.jsonl.checkpoint (61950 processed)
2026-02-23 09:02:01,132 INFO Saved checkpoint data/retrieval/benchmark_data/oax_benchmark_data.jsonl.checkpoint (62000 processed)
2026-02-23 09:02:03,076 INFO Saved checkpoint data/retrieval/benchmark_data/oax_benchmark_data.jsonl.checkpoint (62050 processed)
2026-02-23 09:02:05,313 INFO Saved checkpoint data/retrieval/benchmark_data/oax_benchmark_data.jsonl.checkpoint (62100 processed)
2026-02-23 09:02:07,393 INFO Saved checkpoint data/retrieval/benchmark_data/oax_benchmark_data.jsonl.checkpoint (62150 processed)
2026-02-23 09:02:09,096 INFO Saved checkpoint data/retrieval/benchmark_data/oax_benchmark_data.jsonl.checkpoint (62200 processed)
2026-02-23 09:02:11,469 INFO Saved checkpoint data/retrieval/benchmark_data/oax_benchmark_data.jsonl.checkpoint (62250 processed)
2026-02-23 09:02:13,218 INFO Saved checkpoint data/retrieval/benchmark_data/oax_benchmark_data.jsonl.checkpoint (62300 processed)
2026-02-23 09:02:14,873 INFO Saved checkpoint data/retrieval/benchmark_data/oax_benchmark_data.jsonl.checkpoint (62350 processed)
2026-02-23 09:02:16,110 INFO Saved checkpoint data/retrieval/benchmark_data/oax_benchmark_data.jsonl.checkpoint (62400 processed)
2026-02-23 09:02:18,502 INFO Saved checkpoint data/retrieval/benchmark_data/oax_benchmark_data.jsonl.checkpoint (62450 processed)
2026-02-23 09:02:20,724 INFO Saved checkpoint data/retrieval/benchmark_data/oax_benchmark_data.jsonl.checkpoint (62500 processed)
2026-02-23 09:02:22,645 INFO Saved checkpoint data/retrieval/benchmark_data/oax_benchmark_data.jsonl.checkpoint (62550 processed)
2026-02-23 09:02:24,144 INFO Saved checkpoint data/retrieval/benchmark_data/oax_benchmark_data.jsonl.checkpoint (62600 processed)
2026-02-23 09:02:27,831 INFO Saved checkpoint data/retrieval/benchmark_data/oax_benchmark_data.jsonl.checkpoint (62650 processed)
2026-02-23 09:02:29,208 INFO Saved checkpoint data/retrieval/benchmark_data/oax_benchmark_data.jsonl.checkpoint (62700 processed)
2026-02-23 09:02:30,525 INFO Saved checkpoint data/retrieval/benchmark_data/oax_benchmark_data.jsonl.checkpoint (62750 processed)
2026-02-23 09:02:32,364 INFO Saved checkpoint data/retrieval/benchmark_data/oax_benchmark_data.jsonl.checkpoint (62800 processed)
2026-02-23 09:02:34,031 INFO Saved checkpoint data/retrieval/benchmark_data/oax_benchmark_data.jsonl.checkpoint (62850 processed)
2026-02-23 09:02:35,495 INFO Saved checkpoint data/retrieval/benchmark_data/oax_benchmark_data.jsonl.checkpoint (62900 processed)
2026-02-23 09:02:37,033 INFO Saved checkpoint data/retrieval/benchmark_data/oax_benchmark_data.jsonl.checkpoint (62950 processed)
2026-02-23 09:02:38,593 INFO Saved checkpoint data/retrieval/benchmark_data/oax_benchmark_data.jsonl.checkpoint (63000 processed)
2026-02-23 09:02:39,718 INFO Saved checkpoint data/retrieval/benchmark_data/oax_benchmark_data.jsonl.checkpoint (63050 processed)
2026-02-23 09:02:42,359 INFO Saved checkpoint data/retrieval/benchmark_data/oax_benchmark_data.jsonl.checkpoint (63100 processed)
2026-02-23 09:02:43,725 INFO Saved checkpoint data/retrieval/benchmark_data/oax_benchmark_data.jsonl.checkpoint (63150 processed)
2026-02-23 09:02:46,266 INFO Saved checkpoint data/retrieval/benchmark_data/oax_benchmark_data.jsonl.checkpoint (63200 processed)
2026-02-23 09:02:47,906 INFO Saved checkpoint data/retrieval/benchmark_data/oax_benchmark_data.jsonl.checkpoint (63250 processed)
2026-02-23 09:02:50,301 INFO Saved checkpoint data/retrieval/benchmark_data/oax_benchmark_data.jsonl.checkpoint (63300 processed)
2026-02-23 09:02:51,928 INFO Saved checkpoint data/retrieval/benchmark_data/oax_benchmark_data.jsonl.checkpoint (63350 processed)
2026-02-23 09:02:53,417 INFO Saved checkpoint data/retrieval/benchmark_data/oax_benchmark_data.jsonl.checkpoint (63400 processed)
2026-02-23 09:02:55,039 INFO Saved checkpoint data/retrieval/benchmark_data/oax_benchmark_data.jsonl.checkpoint (63450 processed)
2026-02-23 09:02:56,924 INFO Saved checkpoint data/retrieval/benchmark_data/oax_benchmark_data.jsonl.checkpoint (63500 processed)
2026-02-23 09:02:59,404 INFO Saved checkpoint data/retrieval/benchmark_data/oax_benchmark_data.jsonl.checkpoint (63550 processed)
2026-02-23 09:03:00,788 INFO Saved checkpoint data/retrieval/benchmark_data/oax_benchmark_data.jsonl.checkpoint (63600 processed)
2026-02-23 09:03:02,348 INFO Saved checkpoint data/retrieval/benchmark_data/oax_benchmark_data.jsonl.checkpoint (63650 processed)
2026-02-23 09:03:04,123 INFO Saved checkpoint data/retrieval/benchmark_data/oax_benchmark_data.jsonl.checkpoint (63700 processed)
2026-02-23 09:03:05,675 INFO Saved checkpoint data/retrieval/benchmark_data/oax_benchmark_data.jsonl.checkpoint (63750 processed)
2026-02-23 09:03:07,486 INFO Saved checkpoint data/retrieval/benchmark_data/oax_benchmark_data.jsonl.checkpoint (63800 processed)
2026-02-23 09:03:09,299 INFO Saved checkpoint data/retrieval/benchmark_data/oax_benchmark_data.jsonl.checkpoint (63850 processed)
2026-02-23 09:03:10,822 INFO Saved checkpoint data/retrieval/benchmark_data/oax_benchmark_data.jsonl.checkpoint (63900 processed)
2026-02-23 09:03:12,321 INFO Saved checkpoint data/retrieval/benchmark_data/oax_benchmark_data.jsonl.checkpoint (63950 processed)
2026-02-23 09:03:13,813 INFO Saved checkpoint data/retrieval/benchmark_data/oax_benchmark_data.jsonl.checkpoint (64000 processed)
2026-02-23 09:03:14,845 INFO Saved checkpoint data/retrieval/benchmark_data/oax_benchmark_data.jsonl.checkpoint (64050 processed)
2026-02-23 09:03:16,530 INFO Saved checkpoint data/retrieval/benchmark_data/oax_benchmark_data.jsonl.checkpoint (64100 processed)
2026-02-23 09:03:17,983 INFO Saved checkpoint data/retrieval/benchmark_data/oax_benchmark_data.jsonl.checkpoint (64150 processed)
2026-02-23 09:03:19,343 INFO Saved checkpoint data/retrieval/benchmark_data/oax_benchmark_data.jsonl.checkpoint (64200 processed)
2026-02-23 09:03:20,912 INFO Saved checkpoint data/retrieval/benchmark_data/oax_benchmark_data.jsonl.checkpoint (64250 processed)
2026-02-23 09:03:22,574 INFO Saved checkpoint data/retrieval/benchmark_data/oax_benchmark_data.jsonl.checkpoint (64300 processed)
2026-02-23 09:03:24,246 INFO Saved checkpoint data/retrieval/benchmark_data/oax_benchmark_data.jsonl.checkpoint (64350 processed)
2026-02-23 09:03:25,751 INFO Saved checkpoint data/retrieval/benchmark_data/oax_benchmark_data.jsonl.checkpoint (64400 processed)
2026-02-23 09:03:28,048 INFO Saved checkpoint data/retrieval/benchmark_data/oax_benchmark_data.jsonl.checkpoint (64450 processed)
2026-02-23 09:03:29,747 INFO Saved checkpoint data/retrieval/benchmark_data/oax_benchmark_data.jsonl.checkpoint (64500 processed)
2026-02-23 09:03:32,102 INFO Saved checkpoint data/retrieval/benchmark_data/oax_benchmark_data.jsonl.checkpoint (64550 processed)
2026-02-23 09:03:33,441 INFO Saved checkpoint data/retrieval/benchmark_data/oax_benchmark_data.jsonl.checkpoint (64600 processed)
2026-02-23 09:03:35,990 INFO Saved checkpoint data/retrieval/benchmark_data/oax_benchmark_data.jsonl.checkpoint (64650 processed)
2026-02-23 09:03:37,209 INFO Saved checkpoint data/retrieval/benchmark_data/oax_benchmark_data.jsonl.checkpoint (64700 processed)
2026-02-23 09:03:38,705 INFO Saved checkpoint data/retrieval/benchmark_data/oax_benchmark_data.jsonl.checkpoint (64750 processed)
2026-02-23 09:03:40,207 INFO Saved checkpoint data/retrieval/benchmark_data/oax_benchmark_data.jsonl.checkpoint (64800 processed)
2026-02-23 09:03:41,813 INFO Saved checkpoint data/retrieval/benchmark_data/oax_benchmark_data.jsonl.checkpoint (64850 processed)
2026-02-23 09:03:44,450 INFO Saved checkpoint data/retrieval/benchmark_data/oax_benchmark_data.jsonl.checkpoint (64900 processed)
2026-02-23 09:03:46,012 INFO Saved checkpoint data/retrieval/benchmark_data/oax_benchmark_data.jsonl.checkpoint (64950 processed)
2026-02-23 09:03:47,607 INFO Saved checkpoint data/retrieval/benchmark_data/oax_benchmark_data.jsonl.checkpoint (65000 processed)
2026-02-23 09:03:49,096 INFO Saved checkpoint data/retrieval/benchmark_data/oax_benchmark_data.jsonl.checkpoint (65050 processed)
2026-02-23 09:03:50,640 INFO Saved checkpoint data/retrieval/benchmark_data/oax_benchmark_data.jsonl.checkpoint (65100 processed)
2026-02-23 09:03:52,248 INFO Saved checkpoint data/retrieval/benchmark_data/oax_benchmark_data.jsonl.checkpoint (65150 processed)
2026-02-23 09:03:54,175 INFO Saved checkpoint data/retrieval/benchmark_data/oax_benchmark_data.jsonl.checkpoint (65200 processed)
2026-02-23 09:03:55,604 INFO Saved checkpoint data/retrieval/benchmark_data/oax_benchmark_data.jsonl.checkpoint (65250 processed)
2026-02-23 09:03:57,316 INFO Saved checkpoint data/retrieval/benchmark_data/oax_benchmark_data.jsonl.checkpoint (65300 processed)
2026-02-23 09:03:58,946 INFO Saved checkpoint data/retrieval/benchmark_data/oax_benchmark_data.jsonl.checkpoint (65350 processed)
2026-02-23 09:04:01,378 INFO Saved checkpoint data/retrieval/benchmark_data/oax_benchmark_data.jsonl.checkpoint (65400 processed)
2026-02-23 09:04:02,907 INFO Saved checkpoint data/retrieval/benchmark_data/oax_benchmark_data.jsonl.checkpoint (65450 processed)
2026-02-23 09:04:04,301 INFO Saved checkpoint data/retrieval/benchmark_data/oax_benchmark_data.jsonl.checkpoint (65500 processed)
2026-02-23 09:04:05,861 INFO Saved checkpoint data/retrieval/benchmark_data/oax_benchmark_data.jsonl.checkpoint (65550 processed)
2026-02-23 09:04:07,772 INFO Saved checkpoint data/retrieval/benchmark_data/oax_benchmark_data.jsonl.checkpoint (65600 processed)
2026-02-23 09:04:09,067 INFO Saved checkpoint data/retrieval/benchmark_data/oax_benchmark_data.jsonl.checkpoint (65650 processed)
2026-02-23 09:04:10,510 INFO Saved checkpoint data/retrieval/benchmark_data/oax_benchmark_data.jsonl.checkpoint (65700 processed)
2026-02-23 09:04:13,059 INFO Saved checkpoint data/retrieval/benchmark_data/oax_benchmark_data.jsonl.checkpoint (65750 processed)
2026-02-23 09:04:14,874 INFO Saved checkpoint data/retrieval/benchmark_data/oax_benchmark_data.jsonl.checkpoint (65800 processed)
2026-02-23 09:04:16,428 INFO Saved checkpoint data/retrieval/benchmark_data/oax_benchmark_data.jsonl.checkpoint (65850 processed)
2026-02-23 09:04:17,956 INFO Saved checkpoint data/retrieval/benchmark_data/oax_benchmark_data.jsonl.checkpoint (65900 processed)
2026-02-23 09:04:19,220 INFO Saved final checkpoint data/retrieval/benchmark_data/oax_benchmark_data.jsonl.checkpoint (65908 processed)
2026-02-23 09:04:19,225 INFO Fetched: 65600
2026-02-23 09:04:19,227 INFO Missing: 308
2026-02-23 09:04:19,229 INFO Dropped empty referenced_works: 12
2026-02-23 09:04:19,231 INFO Wrote JSONL records: 65588
